"PLANET_KEY","Planet","Star_code","Mass (Earth)","density (earth)","radius (earth)","TERRAIN","Type Of Climate"
1,"Asterope Shi",8802,0.87,0.866,1,"lakes:cave:lava river","tropical:hot:artic:superheated:windy"
2,"Asterope San",8802,2.44,1.169,1.28,"ocean:rocky desert","tropical:windy:humid:rocky"
3,"Asterope Si",8802,1.61,0.936,NA,"forest:rocky island","windy:hot:superheated:artificial temperate:frozen:arid"
4,"Lesath XV",5067,8.39,1.058,1.99,"plain:jungle:ice canyon:bog","windy:arid:frigid:superheated:tropical:artic:temperate"
5,"Celestial Ember Xi",1582,5.98,0.414,2.44,"rocky canyon:rock arche:mountain:forest:fungus forest","temperate:humid:frozen:artificial temperate:windy"
6,"Celestial Ember Alpha",1582,2.28,1.11,1.27,"verdant:swamp:toxic cloudsea:grassland:rocky canyon:rocky desert:forest","tropical:subartic:rocky:humid:artic"
7,"Celestial Ember Delta",1582,6.76,0.936,1.93,"cliff:tundra:rocky desert:cave:sea:hill","rocky:temperate:humid:tropical"
8,"Starlight Whisper Tertial",1458,5.17,0.982,1.74,"hill","hot:frozen"
9,"Starlight Whisper Quartal",1458,2.54,1.134,NA,"rock arche:bog","artificial temperate:artic:windy:tropical:temperate:humid"
10,"Uruk Oranos",8329,8.81,0.595,2.46,"rocky island:lakes:sinkholes","frozen:temperate:superheated"
11,"Hoshizora Museios",4934,1.79,1.276,1.12,"city:cave","superheated"
12,"Oborozuki Secant",9794,4.01,0.609,1.87,"rocky canyon:grassland:forest","humid:superheated:frigid:windy:artificial temperate:hot"
13,"Pipoltr XXII",9497,2.55,0.728,1.52,"barren","frozen:artic:arid"
14,"Quantumara Centaurios",9365,2.49,0.687,NA,"glacier:canyons:swamp:tundra:ash:rock arche:desert:sinkholes","tropical:windy:subartic:hot:superheated:rocky:artic"
15,"Siriusnova X",506,7.29,1.233,1.81,"rocky canyon:urban:sinkholes:rainforest:jungle:ash:canyons:volcano","windy:artificial temperate:hot:humid:subartic:tropical"
16,"Siriusnova XVII",506,4.88,1.176,1.61,"sea:toxic cloudsea:acid pool:verdant","hot:subartic:frigid:artic"
17,"Quasarionyx VII",4638,3.11,0.939,1.49,"vine","rocky:temperate:tropical"
18,"Arkab Posterior Helios",5454,2.08,0.464,1.65,"reef:cliff","windy:temperate:tropical:artificial temperate"
19,"Ankh Seraph XVI",8878,5.82,1.003,1.8,"city:river","windy:artic:temperate:subartic"
20,"Ankh Seraph VII",8878,2.97,0.817,1.54,"acid pool:rocky canyon:reef","temperate:tropical:rocky:frozen:hot"
21,"Biham Qi",2928,4.12,0.855,1.69,"desert:forest:sinkholes:sea:bog:verdant","hot:frozen:windy:superheated:temperate"
22,"Biham Er",2928,2.05,0.89,1.32,"verdant:bog:desert:lava river:acid pool:glacier","hot:artic:arid:temperate"
23,"Lyra Delta",6836,7.85,1.338,1.8,"field:mountain:ice canyon","artic:arid:tropical:windy"
24,"Lyra Zeta",6836,5.89,1.269,1.67,"river:ice cave:volcano:jungle:swamp","humid:rocky:artic:temperate:arid:hot"
25,"Lyra Eta",6836,8.21,1.216,1.89,"city:hill:acid pool","humid:subartic:superheated:artificial temperate"
26,"Geisha's Echo Dionysios",8570,5.68,0.776,1.94,"valley","windy:tropical:rocky:humid:superheated:frigid"
27,"Orion's Echo Alpha",1640,0.59,1.441,0.74,"plain","frozen:frigid:arid"
28,"Orion's Echo Chi",1640,0.73,NA,0.85,"hill:ash","rocky:hot"
29,"Vindemiatrix Irisian",6659,6.82,0.872,1.99,"city:ice cave:sinkholes:jungle","windy:rocky:frigid:hot:artic:artificial temperate:subartic"
30,"Sumi Cascade Poseidian",4160,4.45,0.99,1.65,"cityscape:desert:ash","hot:subartic:tropical:humid"
31,"Sumi Cascade Gaian",4160,1.87,1.031,1.22,"urban:mountain:desert:hill:vine:forest:lakes:canyons:rocky island","artic:hot:subartic:humid:superheated:tropical"
32,"Helixar Duodecimal",2356,2.08,1.148,1.22,"rock arche:swamp:lakes:rainforest:cave","windy:tropical:frozen:subartic:humid"
33,"Helixar Quintal",2356,1.77,0.933,1.24,"ocean:reef","rocky:hot:arid"
34,"Skyforged Nereidos",5197,4.42,1.202,1.54,"toxic cloudsea:rocky desert:jungle:ocean:field:grassy hill:river","artic:artificial temperate:rocky:hot:superheated:windy"
35,"Skyforged Pantheon",5197,0.46,1.73,0.64,"forest:lakes:field:rocky canyon:mountain:lava river:barren","windy:arid:artificial temperate:subartic:rocky:temperate"
36,"Skyforged Irisian",5197,4.72,0.9,1.74,"volcano:rocky desert:desert:urban:savanna:reef:jungle:ash:mountain","humid:rocky:tropical:artic:superheated:hot"
37,"Skjoldr Liu",5008,7.67,0.833,2.1,"rocky island:rock arche:lakes:mountain","tropical:artificial temperate:arid"
38,"Skjoldr Qi",5008,0.6,0.881,0.88,"ash:canyons","superheated"
39,"Skjoldr Wu",5008,5.01,0.872,1.79,"cliff:grassy hill:glacier:rock arche:reef","subartic:temperate:rocky:artificial temperate"
40,"Celestial Echo XXIII",9372,2.41,1.072,1.31,"scrubland:rocky island:barren","arid:rocky"
41,"Alkes Yi",8354,5.26,1.055,1.71,"grassland:grassy hill:volcano:rock arche:toxic cloudsea:ash","hot:artificial temperate:temperate:windy:humid:artic"
42,"Kōri Resonance Eosian",8447,4.72,0.985,1.69,"field","subartic:frigid:rocky:humid"
43,"Kōri Resonance Centaurios",8447,7.6,1.57,1.69,"ice canyon:ice cave:bog:forest","subartic:humid:tropical:windy:frigid"
44,"Kōri Resonance Herculean",8447,1.45,1.365,1.02,"plain:ice canyon:mountain:hill:tundra","frigid:artic:artificial temperate:subartic"
45,"Novaflare Gaios",8211,8.67,1.052,2.02,"lava river:jungle:grassy hill","frigid:superheated:arid:windy:tropical:artificial temperate:humid"
46,"Novaflare Echoian",8211,1.81,0.445,1.6,"reef:ice cave","windy:frigid"
47,"Bosona Quintal",1159,5.25,0.938,1.78,"ice canyon:urban:scrubland","windy:frigid:humid:arid:temperate"
48,"Bosona Nonal",1159,0.47,1.452,0.69,"verdant:lakes","subartic:artic"
49,"Prima Hyadum Asclepian",9964,3.79,1.15,1.49,"city:lava river:mountain","arid:windy:frozen:temperate"
50,"Aniara Zephyrian",269,1.01,1.283,0.92,"mountain","tropical:superheated:frozen"
51,"Uzumaki Celestial Hadean",6528,8.25,0.737,2.24,"plain:ash:forest:sea:lakes","arid:tropical:superheated:frigid"
52,"Pulsarianix Quintal",1473,2.02,0.53,1.56,"island:plain:verdant:cave:sea","frozen:superheated:artificial temperate:windy:rocky"
53,"Tonatiuh IX",7140,0.93,1.23,0.91,"sea","temperate:frozen:rocky"
54,"Cosmosis Oranos",4984,3.63,0.963,1.56,"ice canyon:ash:grassland:rocky canyon:cityscape:rock arche","temperate:hot:rocky:artic:frozen"
55,"Spectronix Titanos",3723,1.11,0.931,1.06,"mountain:sinkholes:grassland:lava river:city","humid:hot:windy:rocky:frigid"
56,"Astrobix Theta",8088,2.62,1.081,1.34,"cityscape:tundra:lakes:rock arche","frozen:frigid:subartic:windy"
57,"Aspidiske Beta",3955,0.47,NA,0.81,"verdant:city:cave:island:grassland:valley:plateau","humid:artic:windy:subartic:frozen:hot"
58,"Aspidiske Omicron",3955,2.4,0.857,1.41,"tundra:river","windy:temperate:frozen"
59,"Aspidiske Rho",8223,5.51,0.765,1.93,"acid pool:volcano","superheated:artificial temperate"
60,"Berserkr Tau",1585,2.26,1.124,1.26,"lakes","artic"
61,"Berserkr Omicron",1585,3.37,NA,1.47,"barren:forest:ice cave:glacier:reef","frozen:arid:tropical"
62,"Berserkr Xi",1585,4.2,1.192,1.52,"cityscape:reef:rocky canyon","artic:windy:artificial temperate:hot"
63,"Drakonir Ba",7294,5.53,1.213,1.66,"hill:ocean:ice cave:ash:jungle","subartic:hot:artificial temperate"
64,"Arcanara XVI",3090,3.12,0.864,1.53,"cave:hill","rocky"
65,"Arcanara XIX",3090,5.89,1.238,1.68,"savanna:field:toxic cloudsea","rocky:temperate:subartic:artic:frigid"
66,"Arcanara I",3090,1.11,1.04,1.02,"lakes:volcano:rocky island:glacier:grassy hill:rocky desert:desert:sinkholes","tropical:arid:frigid:subartic:superheated:temperate:artificial temperate"
67,"Pincoya Olympus",9639,0.94,0.983,0.99,"canyons:mountain","subartic:temperate:hot:artificial temperate:windy"
68,"Angetenar Chi",5571,0.89,0.468,1.24,"field:savanna:river","superheated:rocky:artificial temperate:temperate"
69,"Vortexara Artemian",697,0.94,NA,1.04,"canyons:island:rainforest:vine","tropical:temperate:artificial temperate:frozen:windy"
70,"Markeb Tau",1711,8.8,1.247,1.92,"fungus forest:ice cave:forest:tundra:reef:vine:river:swamp","hot:arid:superheated:subartic:temperate:tropical"
71,"Thoth's Radiance Ba",7914,8.13,1.371,1.81,"bog:field:mountain:rainforest","tropical:arid:frozen"
72,"Thoth's Radiance Si",7914,0.9,1.007,0.96,"lava river:sea:reef:jungle:grassy hill:verdant:glacier:grassland:lakes","windy:humid:frozen:frigid:hot:artificial temperate:superheated"
73,"Thoth's Radiance San",7914,1.06,NA,0.92,"grassland:rock arche","frozen:superheated:subartic:temperate:hot"
74,"Chasoň XXIV",8094,2.38,0.524,1.66,"verdant:cliff","artic:frigid"
75,"Chasoň XX",8094,2.85,1.257,1.31,"valley:rocky desert","arid:frigid"
76,"Acamar Delta",2309,0.78,1.27,0.85,"jungle:toxic cloudsea:rocky canyon:swamp","artic:tropical:superheated:frozen:temperate:artificial temperate"
77,"Anubis' Radiance Beta",2487,2.51,1.172,1.29,"bog:plateau:sea","artificial temperate:temperate"
78,"Taika Morphean",2902,3.17,0.956,1.49,"canyons:verdant:glacier:acid pool","tropical:rocky:superheated:humid:arid:frigid"
79,"Stardrax Septimal",3351,8.11,1.13,1.93,"jungle:cave","hot"
80,"Stardrax Prime",106,1.84,1.197,1.15,"hill","rocky:superheated:frigid"
81,"Stardrax Duodecimal",3351,8.73,1.378,1.85,"plain:hill","artificial temperate:frozen:hot:frigid"
82,"Solarflarex Zephyrian",8884,0.95,1.035,0.97,"rock arche:river","windy:tropical"
83,"Tianguan Psi",7302,1.38,0.899,1.15,"jungle:cave:barren:swamp","superheated:humid:arid:temperate:frigid"
84,"Salm Tau",4163,4.32,1.394,1.46,"swamp:canyons","hot:humid"
85,"Salm Nu",4163,0.71,0.907,0.92,"rock arche","humid:windy:artic:temperate"
86,"Nebulion Quintal",3377,1.15,1.021,1.04,"ocean:sea","windy:hot"
87,"Vortexion VIII",9655,1.77,1.313,1.1,"tundra:sinkholes","frigid:hot:superheated:frozen"
88,"Koi's Whisper Irisian",3220,2.57,0.848,1.45,"canyons:swamp","temperate:superheated:humid"
89,"Cosmic Enigma Rho",286,0.99,0.76,1.09,"reef:tundra:river:hill:rock arche:cave","temperate:windy:humid:frigid:rocky"
90,"Cosmic Enigma Xi",286,2.28,1.311,1.2,"grassy hill:vine:glacier","hot:superheated:frozen:temperate:subartic"
91,"Cosmic Enigma Beta",286,3.68,1.171,1.46,"cave:ocean","windy:arid:frigid"
92,"Alshain Sirenios",8332,3.11,0.987,1.47,"ocean:valley:grassy hill:sinkholes:tundra:field:rock arche:glacier","arid:artificial temperate:temperate:superheated:artic:tropical"
93,"Cleopatra's Resonance Persephonian",2801,1.21,0.816,1.14,"grassy hill","hot:rocky:windy"
94,"Diadem Zeta",1694,0.86,1.258,0.88,"rock arche:hill:canyons","superheated:hot:artic:artificial temperate:windy"
95,"Intan Delta",8646,2.24,1.234,1.22,"lakes:valley","artic"
96,"Barnard's Star Jiu",6144,2.84,0.704,1.59,"city:reef:plateau:ash:jungle","hot:superheated:temperate:arid"
97,"Algedi Dionian",1281,5.41,0.868,1.84,"lakes","artic:artificial temperate:windy"
98,"Skaldspark Pegasusian",5302,3.21,1.226,1.38,"city:sea:cityscape","artic:temperate:artificial temperate"
99,"Skaldspark Artemian",5302,6.16,0.834,1.95,"city:cliff:savanna:plateau:ice cave:field","hot:subartic:tropical:superheated"
100,"Eonix Dionian",5802,2.31,0.905,1.37,"sinkholes:jungle","hot:temperate:arid"
101,"Mirach Aetherios",3482,4.81,0.565,2.04,"rainforest:verdant","tropical:windy:superheated"
102,"Obsidian Threshold Harpian",2154,1.39,1.306,1.02,"rocky canyon:plain:swamp:plateau:mountain","superheated:humid:tropical:subartic:rocky"
103,"Polaris Australis Quartal",2022,3.63,1.08,1.5,"rocky desert","tropical:frozen:arid:artificial temperate:artic:windy:superheated"
104,"Polaris Australis Quintal",2022,5.75,1.033,1.77,"valley","temperate:humid:artificial temperate"
105,"Liesma Astraeos",6969,4.95,0.956,1.73,"lava river:reef:ocean:lakes","rocky:temperate:hot:windy"
106,"Aquilan Cipher Echoian",747,1.18,1.293,0.97,"rocky canyon:ocean:mountain:canyons:rock arche:plateau","rocky:humid:subartic:artificial temperate"
107,"Nikawiy II",9903,3.44,0.969,1.53,"verdant:ice canyon:grassy hill:cliff:valley","artificial temperate:rocky:tropical:frigid:subartic:arid"
108,"Nikawiy IX",9903,4.42,0.87,1.72,"forest:rocky canyon:mountain","frozen:superheated:artificial temperate:artic:frigid"
109,"Nikawiy XXII",9903,3.59,0.794,1.65,"lava river:grassland:city:ice cave:canyons:scrubland:tundra:savanna","temperate:artificial temperate:arid:frozen:frigid"
110,"Anadolu Si",4099,5.07,0.876,1.8,"ash:acid pool","superheated"
111,"Anadolu Er",4099,8.05,0.98,2.02,"cityscape:sinkholes:city","artic:arid:superheated:frigid"
112,"Anadolu Wu",4099,1.65,0.769,1.29,"cliff:urban","tropical:artificial temperate:artic:humid"
113,"Yūgen Shadows Omicron",1155,0.68,0.51,1.1,"rocky island:hill:forest:ice canyon:island:cliff","arid:rocky:frigid:subartic"
114,"Yūgen Shadows Zeta",1155,1.25,1.185,1.02,"cityscape","artic:subartic:temperate:arid"
115,"Yūgen Shadows Chi",1155,3.4,0.786,1.63,"bog:river:ice cave:canyons","superheated:windy:temperate:frigid:rocky:frozen:humid"
116,"Alioth Helios",8623,1.91,0.806,1.33,"tundra:plateau:savanna:ocean:river:glacier:grassland","humid:arid:artic:frozen:superheated"
117,"Aegis Cryptic Titanos",262,1.89,1.202,1.16,"plateau:verdant:cityscape","frozen:subartic"
118,"Inazuma Shadows Kappa",6821,4.01,1.291,1.46,"urban:bog:savanna:rocky canyon:swamp","frozen:temperate:tropical"
119,"Inazuma Shadows Lambda",6821,3.02,1.055,1.42,"ice cave:urban","frigid"
120,"Copernicus Liu",3290,3.58,1.148,1.46,"grassland:sea","temperate:frigid:rocky:tropical"
121,"Dìwö Xi",7438,3.15,0.762,1.6,"lakes:grassland:field:hill:lava river:river","superheated:subartic:frigid:humid:artic"
122,"Dìwö Gamma",7438,5.52,0.879,1.85,"cave:verdant:field","hot:arid:frigid"
123,"Stellar Whisper Qi",35,7.04,1.532,1.66,"swamp:desert","arid:windy:humid:subartic"
124,"Stellar Whisper Wu",35,1.41,0.939,1.14,"valley:plateau:canyons","superheated:subartic"
125,"Hanami Echo Chi",4107,3.05,0.834,1.54,"toxic cloudsea:rock arche","artic:humid:tropical:frigid:temperate"
126,"Merga XIV",7090,2.67,0.94,1.42,"forest:cityscape:valley:city:vine:river","humid:temperate:superheated:artic:tropical"
127,"Gudja Quartal",5849,0.83,1.006,0.94,"canyons:valley:grassland","artificial temperate:frigid:subartic:temperate:hot"
128,"Lionrock XXIII",6476,4.05,1.623,1.36,"bog","artificial temperate:windy:humid:rocky:tropical"
129,"Lionrock XVII",6476,1.9,0.722,NA,"cliff:sea:mountain:fungus forest:vine","frigid:temperate:artificial temperate:tropical"
130,"Buna XVIII",6796,2.69,1.021,1.38,"field:tundra:sea:savanna:rock arche:mountain:plateau:plain","tropical:artificial temperate:humid:frozen:arid:frigid"
131,"Celestrium Undecimal",7208,0.43,0.833,0.8,"jungle:rocky canyon:tundra:cliff:fungus forest","tropical:superheated:subartic:frigid"
132,"Celestrium Duodecimal",7208,5.06,1.171,1.63,"grassy hill:river:volcano:rock arche:city","hot:superheated:frigid:artificial temperate"
133,"Sheratan Pegasusian",7478,2.1,0.75,1.41,"verdant:barren:ocean:urban:mountain:plateau","arid:artificial temperate:frozen:tropical:temperate:frigid"
134,"Spectral Serenity Undecimal",9442,4.12,0.503,2.02,"plateau:city:volcano:cityscape:ice cave:hill:rocky canyon:vine:savanna","arid:subartic:humid:temperate:artificial temperate:frigid"
135,"Spectral Serenity Quartal",9442,0.74,1.088,0.88,"plateau:sinkholes:hill","subartic:arid:superheated:frozen"
136,"Spectral Serenity Prime",9442,5.85,0.967,1.82,"plateau:city","subartic"
137,"Tarf Nemesisian",9346,2.4,1.12,1.29,"mountain:savanna:tundra","artificial temperate:subartic:humid:tropical"
138,"Kachō XVII",8418,0.36,1.022,NA,"grassy hill:lava river:sinkholes","arid:humid:rocky:hot:windy"
139,"Fomalhaut Dionysios",736,5.75,1.103,1.73,"verdant:river:hill","subartic:temperate:superheated:tropical:windy:artic"
140,"Fomalhaut Tritonian",736,3.03,0.853,1.53,"fungus forest:grassy hill:desert:sinkholes:ash:cityscape:field:grassland","frozen:hot:frigid:temperate:artic"
141,"Fomalhaut Astraeos",736,2.66,1.227,1.29,"desert:plain","artic:arid:frozen"
142,"Tsubasa Echoes Nemesisian",1335,1.82,0.77,1.33,"plain:toxic cloudsea","artic"
143,"Tsubasa Echoes Pegasusian",1335,1.25,1.155,1.03,"urban:hill:volcano","humid:rocky:tropical:hot"
144,"Tsubasa Echoes Oranos",1335,7.14,1.028,1.91,"cave:volcano","arid"
145,"Citadelle Omega",7346,5.6,1.137,1.7,"jungle:savanna:plain","tropical:rocky:humid:frozen"
146,"Gloas Qi",6752,2.51,1.109,1.31,"lakes:verdant","artificial temperate:arid:rocky"
147,"Gloas Shi",6752,5.17,0.933,1.77,"field","hot:artificial temperate"
148,"Kamikaze Ascendance XVI",3732,2.78,0.872,1.47,"mountain","arid:artic"
149,"Kamikaze Ascendance XI",3732,5.32,0.65,2.01,"verdant:cityscape:forest:cliff","frigid:rocky:superheated:hot:tropical:frozen:humid"
150,"Adhafera Sigma",9229,1.48,1.129,1.09,"valley","temperate:frozen:superheated"
151,"Adhafera Phi",9229,6.16,0.661,2.1,"rocky island:desert:sea","arid:artificial temperate"
152,"Pyramid Radiance Upsilon",1990,8.35,1.104,NA,"verdant:ocean:ash:plain:savanna","hot:frigid:rocky:frozen"
153,"Pyramid Radiance Lambda",1990,5.34,0.697,1.97,"rocky canyon:valley:plain","artic:hot:artificial temperate"
154,"Lunariara Prime",6965,5.17,1.136,1.66,"urban:cliff","frozen:windy:humid:artificial temperate"
155,"Aurora Phantasm I",8134,0.84,0.763,1.03,"rocky desert:city:forest","superheated:rocky:arid:artificial temperate"
156,"Aurora Phantasm VIII",8134,2.02,1.196,1.19,"ice canyon:sea","subartic:temperate:humid:hot:superheated:rocky"
157,"Aurora Phantasm IX",8134,1.12,1.016,1.03,"valley:acid pool:fungus forest:glacier:ice canyon:jungle:lakes:toxic cloudsea","humid:subartic:tropical:artic:frigid"
158,"Riftwanderer XVII",815,1.93,0.913,1.28,"hill:glacier","windy:subartic"
159,"Riftwanderer XXIV",815,1.4,0.913,1.15,"savanna:plain:lakes:valley","subartic:artic:rocky"
160,"Heliconian Mirage Asclepian",4786,5.37,0.802,1.88,"bog:fungus forest:rainforest:rock arche","temperate:artificial temperate:hot:superheated"
161,"Castula Apollox",616,1.31,1.357,0.99,"hill:savanna:grassland:acid pool:island:lava river:swamp","artificial temperate:tropical:humid:subartic:arid"
162,"Castula Sirenios",616,1.02,1.252,0.93,"bog:vine:ocean:swamp:lava river","tropical:rocky:hot:artic:arid"
163,"Quasarionix XXIII",9773,9.24,0.741,2.32,"city","frozen:rocky:windy:subartic:arid:temperate"
164,"Cassioflux Hecatean",2979,7.16,0.662,2.21,"lakes:field:ice canyon:sea","subartic:humid:windy:temperate:hot:superheated"
165,"Cassioflux Gaian",2979,8.81,0.928,2.12,"volcano","artic:hot:arid:subartic"
166,"Penumbralix Prime",6685,6.5,1.442,1.65,"rocky desert:toxic cloudsea:city","frozen:superheated:windy"
167,"Ombraflux Undecimal",1981,6.73,NA,2.04,"city:vine:glacier:volcano","arid:temperate:artic:windy"
168,"Ombraflux Octal",1981,6.77,0.977,1.91,"rock arche:rocky island:grassland:island:urban","windy:humid:subartic:artic"
169,"Ombraflux Tertial",1981,0.51,0.999,0.8,"toxic cloudsea:barren","tropical:rocky:arid:frozen:artificial temperate"
170,"Astral Mirage Tertial",6757,6.26,0.833,1.96,"grassy hill:canyons:ash","artic:hot"
171,"Astral Mirage Vigesimal",6757,6.6,1.111,1.81,"island:lakes:plain:sea:reef","rocky:tropical:arid:temperate:frigid"
172,"Asellus Australis Titanos",1118,0.84,0.983,0.95,"plain:savanna:bog:vine:canyons","artificial temperate:temperate:subartic:rocky:frigid"
173,"Baekdu Qi",18,7.09,1.288,1.77,"cliff:rock arche:river:verdant:island","temperate:frozen:artic"
174,"Baekdu Liu",18,7.08,1.234,1.79,"mountain:island:acid pool:savanna:rock arche:scrubland:plateau:plain:forest:glacier:bog","hot:temperate:arid:superheated:subartic:humid:frigid"
175,"Baekdu Jiu",18,3.08,0.682,1.65,"tundra","frozen"
176,"Nebulithra Er",1699,3.99,1.179,1.5,"verdant:island","superheated:artic:artificial temperate:frigid:temperate"
177,"Siriusith I",5661,1.4,1.004,1.12,"cityscape","temperate:artificial temperate:frigid:rocky:hot"
178,"Siriusith VII",5661,8.49,0.609,2.41,"sea","artificial temperate:temperate"
179,"Unukalhai XVII",9579,2.94,0.969,1.45,"lava river","superheated:tropical"
180,"Hikari Nebula Gamma",1217,6.42,0.744,2.05,"mountain:canyons","artificial temperate:temperate"
181,"Hikari Nebula Iota",1217,2.04,1.015,1.26,"hill:cliff:valley","temperate:rocky"
182,"Ronin's Veil Janusian",6679,5.08,1.044,1.69,"lakes:swamp:plateau","frozen:subartic:humid:artic:hot:rocky"
183,"Ronin's Veil Pegasusian",6679,7.18,1.091,1.87,"savanna","rocky:arid:humid"
184,"Lygos Veil Hermesios",7523,2.18,0.955,1.32,"grassy hill:grassland:fungus forest:reef:rock arche","humid:temperate:frozen:hot:artificial temperate:rocky"
185,"Phantasmal Abyss Duodecimal",8668,5.21,1.014,1.73,"desert:lava river:bog:ocean:jungle:savanna","superheated:frozen:windy:subartic:tropical"
186,"Starglow Haven VII",9124,8.52,0.677,2.33,"grassy hill:glacier:rainforest:toxic cloudsea:ocean:rocky island:tundra","tropical:frozen:artificial temperate:artic:temperate"
187,"Ebon Cosmos Hermesios",3632,1.25,0.998,1.08,"rock arche:island:toxic cloudsea:savanna:hill:ice cave","frigid:windy:rocky:frozen:humid"
188,"Dabih XX",8259,8.84,0.855,2.18,"verdant:hill:rainforest","tropical:artificial temperate:hot"
189,"Gomeisa Omicron",2607,4.48,1.056,1.62,"plateau:rocky canyon:forest:rock arche","temperate:frigid:rocky:frozen:humid"
190,"Cosmaraith Hestian",5230,3.36,0.893,1.56,"desert:lakes","rocky:subartic:tropical"
191,"Maasym Delta",4561,5.99,1.086,1.77,"plateau:river:mountain","windy:frigid:hot:rocky:humid"
192,"Obelisk Beacon San",5674,1.95,1.126,1.2,"ice canyon:toxic cloudsea:sinkholes:grassy hill:rock arche","superheated:subartic:humid:frozen:rocky"
193,"Orionyx Eta",5792,2.08,0.901,1.32,"sea:bog:cityscape:valley:tundra","superheated:tropical:rocky"
194,"Ebon Crypt Beta",5619,2.07,1.334,1.16,"verdant:cityscape:field:volcano:lava river","tropical:hot:artic:artificial temperate:windy:temperate"
195,"Ebon Crypt Epsilon",5619,2.02,0.698,1.43,"verdant:ice cave:rocky canyon","frozen:artic:artificial temperate:subartic"
196,"Pulsar Radiance Omicron",1833,4.23,1.291,1.49,"rainforest:cityscape:volcano:rock arche:sinkholes","frozen:frigid:superheated:windy:artificial temperate"
197,"Kamikaze Resonance Athenian",8787,2.74,0.585,1.67,"rocky island","temperate:superheated:arid"
198,"Kamikaze Resonance Faunios",8787,5.77,0.647,2.07,"sinkholes:jungle:cave:sea:hill","rocky:superheated:frigid"
199,"Kamikaze Resonance Nyxios",8787,1.61,0.988,1.18,"sinkholes:sea:canyons","superheated:windy:frozen:hot:arid:rocky:frigid"
200,"Nashira Helios",4550,4.24,1.232,1.51,"desert:rocky canyon:cave:plateau:glacier:fungus forest:hill:swamp:jungle","frozen:artificial temperate:humid:rocky:arid:tropical"
201,"Solstara Pi",3074,1.67,1.062,1.16,"jungle:island:jungle:lakes:verdant","windy:hot:artificial temperate:arid:rocky"
202,"Solstara Sigma",3074,8.68,1.05,2.02,"verdant:plateau:forest:island:lakes","artificial temperate:tropical:frigid"
203,"Giausar Tau",2124,0.88,1.043,0.94,"sea:rocky canyon:ash:ocean:desert:jungle:lava river","windy:temperate:frigid:hot:frozen:tropical"
204,"Giausar Nu",2124,1.42,0.974,1.13,"river:volcano:cliff:valley:plain:sinkholes","frigid:rocky:artificial temperate:artic:hot"
205,"Sakura's Labyrinth Shi",6427,1.97,0.672,1.43,"lakes:desert:fungus forest","hot:tropical:windy:frigid:frozen"
206,"Sakura's Labyrinth San",6427,3.62,0.871,1.61,"plain:reef:plateau:rock arche:urban:ice cave","windy:humid:artic:rocky:subartic"
207,"Samurai's Veil Mu",4016,1.65,1.171,1.12,"sinkholes:ice cave:rocky island","superheated:humid:frozen:artic:windy:temperate"
208,"Samurai's Veil Alpha",4016,5.03,0.699,1.93,"ice canyon:canyons","frozen:arid:frigid:rocky"
209,"Zaniah XIX",7467,1.96,1.261,1.16,"canyons:valley:fungus forest:city:sea","subartic:frigid:temperate:arid:rocky:tropical"
210,"Aurora Anomaly XXIV",4114,6.8,1.048,1.87,"river:volcano:jungle:island","subartic:tropical:arid:temperate"
211,"Aurora Anomaly I",4114,3.1,1.254,1.35,"sinkholes:ice canyon:rock arche:volcano:cityscape","humid:hot:frigid"
212,"Rotanev Epsilon",5504,1.22,1.099,1.04,"lakes:cliff:forest:jungle:urban","frigid:artic:frozen:humid"
213,"Rotanev Theta",5504,8.67,1.027,2.04,"savanna:lava river:river","subartic:arid"
214,"Rotanev Eta",5504,2.31,1.094,1.28,"cave:cliff","windy:temperate:subartic"
215,"Thunderforge Aphroditos",9347,5.34,0.691,1.98,"cave","artificial temperate"
216,"Mpingo Iota",7531,5.1,1.1,1.67,"ice cave:rocky canyon:canyons:toxic cloudsea:lakes","superheated:arid:tropical:frigid:frozen"
217,"Mpingo Upsilon",7531,4.24,1.355,1.46,"jungle:river:rocky desert","frozen:hot"
218,"Mpingo Tau",7531,2.88,0.506,1.79,"valley:ice cave","artificial temperate:frigid:temperate:rocky:hot"
219,"Alphecca Beta",3906,2.02,1.309,1.16,"rainforest:ocean","tropical:frozen:frigid"
220,"Nebulous Silence XIII",3700,5.89,0.697,2.04,"jungle:desert:hill:river:rock arche","windy:arid:artificial temperate:frozen:hot"
221,"Astrolithium Epsilon",694,5.4,1.253,1.63,"rock arche:cityscape:lakes:hill:valley","frozen:artificial temperate:arid:frigid"
222,"Alrakis Eta",97,5.91,0.638,2.1,"canyons:forest:reef:rock arche:toxic cloudsea","temperate:artificial temperate:artic"
223,"Alrakis Kappa",97,1.82,1.095,1.18,"forest:cliff","tropical:artic"
224,"Aludra Lambda",7449,1.35,1.021,1.1,"grassland:plateau:rock arche:ice cave:lava river:ash:glacier","superheated:rocky:humid:artic:windy:frigid"
225,"Aludra Omicron",7449,5.99,0.455,2.36,"plateau:cityscape","subartic:superheated"
226,"Mikado Serenity Septimal",5154,2.23,0.912,1.35,"toxic cloudsea:jungle:cityscape:river:desert:tundra","frigid:hot:artic:artificial temperate"
227,"Pulsariax Tertial",3762,0.49,1.245,0.73,"savanna:vine:plateau:scrubland:sinkholes:bog:tundra","frigid:artificial temperate:superheated:temperate:rocky:windy:arid"
228,"Pulsariax Quartal",3762,3.95,1.143,1.51,"toxic cloudsea:canyons","artic:hot:artificial temperate"
229,"Pulsariax Undecimal",3762,1.68,1.293,1.09,"plateau:lakes:rocky island:verdant","superheated:subartic:rocky:windy"
230,"Inari's Cascade Pegasusian",2183,3.91,1.188,1.49,"barren:verdant","superheated:arid:temperate:humid:frozen"
231,"Capella Orphean",4771,7.37,0.839,2.06,"ice canyon:city:rocky canyon","artificial temperate:frigid:subartic:arid:artic"
232,"Miram Duodecimal",2087,6.11,1.032,1.81,"forest:rocky canyon","humid:arid:hot"
233,"Cosmogon Enigma Duodecimal",9969,0.39,1.072,0.71,"grassland:savanna:ocean:glacier","humid:windy:frigid:temperate:rocky"
234,"Brimwarden Eta",6511,2.52,0.819,1.45,"fungus forest:forest:desert:rock arche:sea","frozen:superheated:artic:tropical:windy:rocky:hot"
235,"Brimwarden Xi",6511,5.66,0.936,1.82,"bog","superheated:hot:frozen:temperate:artic"
236,"Felis Quartal",9988,1.09,1.332,0.94,"glacier:ice cave:volcano:urban:mountain","hot:arid:rocky:artic"
237,"Felis Prime",9988,7.53,1.073,1.91,"bog:sea:ice cave:tundra:glacier","hot:subartic:windy:temperate"
238,"Felis Nonal",9988,3.2,NA,1.48,"cliff:plain:jungle:bog:canyons:grassland:tundra","arid:rocky:superheated:temperate:tropical"
239,"Atlas Persephonian",9972,4.35,0.843,1.73,"grassy hill:ice cave:river:rocky desert:glacier","rocky:windy:tropical:subartic:frigid:temperate:artic"
240,"Atlas Asclepian",9972,3.83,0.866,1.64,"ocean:city:barren","rocky:superheated:hot:artificial temperate:arid"
241,"Kaveh Secant",1912,8.84,0.99,2.07,"hill:lava river:ice canyon:cliff","hot:superheated:arid:artic"
242,"Kaveh Quartal",1912,4.06,1.159,1.52,"vine:volcano","windy:rocky:subartic:arid"
243,"Errai Titanos",2276,1.3,0.917,1.12,"acid pool:grassy hill:verdant:rainforest:valley","windy:frigid:humid:subartic:artic"
244,"Helvetios XXIV",9390,7.35,0.913,2,"toxic cloudsea","artic:arid"
245,"Helvetios VII",9390,5.29,1.319,1.59,"barren:rock arche:rocky desert:glacier","subartic:arid:frigid:artic"
246,"Helvetios IV",9390,3.1,0.976,1.47,"cave:acid pool:lakes:ice cave:canyons:sea:ocean:rocky desert:lava river:island","frigid:temperate:rocky:humid:superheated:arid:artificial temperate"
247,"Mirfak XX",5547,1.13,0.764,1.14,"toxic cloudsea:swamp:ice cave:jungle","superheated:subartic:tropical:frozen"
248,"Reikon Resonance Pegasusian",5389,6.81,NA,1.79,"sea:savanna:jungle:acid pool:plateau:rocky desert","subartic:frigid:temperate:frozen:tropical:humid"
249,"Nihal XVI",1748,5.07,0.823,1.83,"vine:plain:scrubland:ash:rock arche","tropical:temperate:frigid:hot:arid:rocky"
250,"Nihal IV",1748,1.33,0.757,1.21,"rocky canyon:canyons","superheated:temperate:frigid:humid:arid:subartic"
251,"Nihal XII",1748,5.1,0.47,2.21,"jungle:island:toxic cloudsea:rocky island:rock arche:lava river","rocky:artic:superheated:hot"
252,"Nahn Artemian",3050,2.36,1.077,1.3,"volcano:grassland:field:rocky island:urban:plateau","superheated:temperate:subartic:humid:tropical:artic"
253,"Sulafat XV",5536,5.81,0.831,1.91,"rocky island:lava river:canyons:reef","hot:subartic:humid:arid:artic"
254,"Zephyriax Nu",5033,1.53,0.434,1.52,"city:island","rocky:frigid:frozen:hot"
255,"Ninja's Horizon XI",6834,0.64,0.953,0.88,"hill:ice cave:field:tundra:lakes:rainforest","arid:frozen:frigid:tropical:humid"
256,"Zypheron Quartal",261,1.99,1.066,1.23,"swamp:cityscape:glacier","artificial temperate:tropical:rocky:windy:artic"
257,"Zypheron Vigesimal",4003,6.77,0.832,2.01,"cliff","humid:arid:tropical"
258,"Cacophonic Murmurs Xi",8858,2.7,1.079,1.36,"city:hill","subartic:superheated:tropical:windy"
259,"Cacophonic Murmurs Kappa",8858,2.06,1.124,1.22,"rock arche:jungle:savanna:vine","subartic:tropical:humid:frigid:arid"
260,"Scarab Expanse Si",3519,1.46,0.678,1.29,"lakes:rocky canyon","windy:arid:humid:hot:subartic"
261,"Deneb Algedi Apollox",4777,5.86,1.255,1.67,"sea:rocky desert","windy:artificial temperate:temperate:arid:frozen"
262,"Fafnir Oranos",9252,6.16,1.04,1.81,"cityscape:island","temperate:artificial temperate:windy"
263,"Montuno Gaian",7505,6.88,1.326,1.73,"swamp:ice canyon","arid:artificial temperate:subartic:frozen:humid:windy:hot"
264,"Wolfheart Nyxios",8923,1.89,1.075,1.21,"fungus forest:sea:savanna:urban:plateau","frigid:rocky:hot:humid:subartic"
265,"Denebola Delta",4514,1.22,0.983,1.07,"rocky island:valley:forest:city:cliff","frigid:frozen:temperate:humid:subartic:rocky"
266,"Gacrux Rho",9696,1.24,1.176,1.02,"volcano:rocky desert:rock arche","frigid:arid"
267,"Mahsati XI",7859,1.09,0.814,1.1,"river:rocky canyon","windy:frozen:hot:artificial temperate:subartic:rocky"
268,"Runeblade Er",7430,1.07,NA,1.13,"rock arche:vine:cliff","rocky:temperate:artic"
269,"Runeblade Liu",7430,7.23,0.88,2.02,"city","arid:tropical:hot:frigid:artificial temperate"
270,"Torcular Mu",150,4.27,0.65,1.87,"ice canyon:tundra:river","frigid:frozen:artificial temperate:temperate"
271,"Torcular Nu",150,8.04,0.697,2.26,"bog:island:tundra","temperate:hot:rocky"
272,"Libertas Alpha",913,0.77,1.092,0.89,"vine:cave:ash:river:grassland","frozen:tropical:superheated:humid:windy:artificial temperate"
273,"Frostfang Asclepian",2855,4.56,1.262,1.53,"ocean:ice canyon:toxic cloudsea:rocky island","rocky:humid:arid:temperate:hot:frozen"
274,"Frostfang Herculean",2855,9.57,1.438,1.88,"bog","artic:humid:subartic:superheated"
275,"Sharjah Beta",2279,2.33,0.86,1.39,"hill","frigid:artic"
276,"Koi's Radiance Yi",9472,1.48,NA,1.18,"mountain:verdant:river","windy:arid:hot"
277,"Koi's Radiance Liu",9472,8.16,1.012,2.01,"plain:toxic cloudsea:mountain:valley:hill","artic:subartic:windy:arid:frozen"
278,"Thoth's Nebula IV",6333,1.34,NA,NA,"plateau:lakes:plain:grassy hill","superheated:arid:hot:frigid:subartic:tropical:artic"
279,"Thoth's Nebula XXIII",6333,6.91,1.345,1.73,"cave:volcano:savanna:river:reef","artificial temperate:temperate:superheated"
280,"Ronin's Cascade XIII",3207,1.39,NA,0.98,"plain:toxic cloudsea:urban","artic:subartic:frozen:superheated"
281,"Ronin's Cascade IX",3207,6.24,0.955,1.87,"rock arche:river:rocky canyon","artificial temperate:subartic:superheated:frigid:windy"
282,"Ronin's Cascade VIII",3207,1.02,0.859,1.06,"mountain:vine","rocky:windy"
283,"Aetherionyx XXII",4766,5.33,0.896,1.81,"desert:volcano","arid"
284,"Lyraflux Aetherios",1303,1.87,0.873,1.29,"hill:grassy hill","hot:artic:frozen:superheated"
285,"Astroflux XIII",6578,6.76,1.104,1.83,"tundra","hot:artificial temperate:rocky:frozen:subartic"
286,"Infinite Whispers XI",401,1.45,NA,1.2,"glacier","tropical:windy:artic:frigid:hot"
287,"Galactic Ember Liu",4801,6.76,1.028,1.87,"plain:island:jungle","humid:arid:artic:frozen"
288,"Ogma Decimal",8319,0.67,0.813,0.94,"rainforest:grassy hill:ocean:island:glacier","subartic:tropical:artificial temperate"
289,"Ogma Octal",8319,0.48,0.864,0.82,"rocky desert:canyons:cityscape:scrubland:cliff","windy:arid:frozen:artificial temperate"
290,"Luminastra Secant",3316,4.85,0.814,1.81,"plateau:lava river:plain:vine:lakes:rocky canyon:urban","frozen:subartic:arid:frigid:rocky"
291,"Luminastra Decimal",3316,1,0.961,1.01,"grassy hill:verdant:toxic cloudsea:ash:valley:acid pool:plateau","hot:frozen:humid:superheated:frigid:windy"
292,"Avior Tritonian",8745,2.39,1.344,1.21,"ice cave:fungus forest:sea:rocky canyon:savanna:island","hot:subartic:arid:rocky"
293,"Hayabusa Nexus XVII",6212,3.56,0.798,1.65,"grassy hill","frigid:tropical:humid"
294,"Ryusei Radiance VII",636,8.43,0.567,2.46,"mountain:grassland:valley:canyons:vine:urban:city:savanna:cliff","frigid:temperate:tropical:subartic:humid:superheated:windy"
295,"Ryusei Radiance XVIII",636,2.48,0.766,1.48,"fungus forest:plain","subartic:rocky:humid:artificial temperate"
296,"Ryusei Radiance VIII",636,0.68,0.721,0.98,"grassland:cave:forest","humid:frozen:hot:frigid:tropical"
297,"Aozora Nebula Selenean",9582,2.77,0.461,1.82,"scrubland:plain","arid:frozen"
298,"Aozora Nebula Poseidian",9582,2.99,0.84,1.53,"valley:verdant","rocky:hot"
299,"Aozora Nebula Echoian",9582,6.49,0.653,2.15,"cave:savanna","rocky:temperate:frozen"
300,"Adhil Hermian",8124,5.07,1.557,1.48,"jungle:city","subartic:arid:superheated"
301,"Skat Epsilon",3459,0.58,NA,0.81,"rock arche:plain","humid:frigid:rocky:temperate:tropical"
302,"Cleopatra's Loom Faunios",3030,1.68,0.79,1.29,"urban","frigid:superheated"
303,"Cassioth Nymphios",3152,6.36,0.94,1.89,"ice cave:ash:city:barren:rock arche:forest","arid:windy:tropical:temperate:superheated:artic:humid"
304,"Ma'at's Cascade Chimeraean",1209,3.59,1.359,1.38,"verdant","superheated:arid"
305,"Thalassa's Shroud Liu",9393,2.71,1.169,1.32,"ocean:valley:cliff:sea:desert:savanna:sinkholes:rocky desert","rocky:subartic:frozen:tropical:superheated:hot"
306,"Thalassa's Shroud Er",9393,2.28,0.64,1.53,"city:desert:cave:lava river:valley:river","subartic:arid:artic:superheated"
307,"Stellaria Whimsy Hestian",1980,0.64,0.854,0.91,"urban:canyons:plateau","rocky:humid:artificial temperate:hot"
308,"Stellaria Whimsy Aetherios",1980,3.88,0.888,NA,"desert:lakes:grassy hill:canyons:cave","subartic:hot:temperate:frigid"
309,"Asellus Borealis Nyxios",9227,5.11,1.283,1.59,"mountain:ice canyon:rocky canyon:fungus forest:grassy hill","humid:arid:frigid:hot"
310,"Asellus Borealis Faunios",9227,8.8,1.128,1.98,"cliff","tropical:hot:frigid:superheated:artic:humid"
311,"Quasarlynx I",2372,4.41,1.002,1.64,"island","artic:tropical"
312,"Sceptrum XXI",424,3.84,1.007,1.56,"river:hill:rocky island:acid pool:city","artic:rocky:frozen"
313,"Sceptrum I",424,0.73,0.923,0.92,"rock arche:sea:fungus forest:rocky canyon:volcano","windy:hot:tropical:frigid:subartic:frozen:artificial temperate"
314,"Revati Sigma",5205,7.18,1.507,1.68,"rock arche:city:bog:jungle","artificial temperate:hot:tropical:frigid"
315,"Stellarastra Atlasios",4626,2.38,0.913,1.38,"rocky canyon:rocky desert:lava river","subartic:arid:frigid"
316,"Stellarastra Helios",4626,1.88,1.043,1.22,"jungle:rocky canyon","hot:artificial temperate:temperate:frigid"
317,"Stellarastra Poseidian",4626,6.21,0.864,1.93,"lava river:rocky desert:toxic cloudsea:cave","frozen:rocky:hot"
318,"Kaffaljidhma Psi",7441,2.9,0.902,1.48,"ice canyon:lava river:sea:rainforest:glacier:canyons","hot:tropical:subartic:superheated"
319,"Dingolay Hestian",5002,5.5,1.137,1.69,"canyons","hot:frigid:windy:artic:frozen:arid"
320,"Zibal Hestian",1291,7.81,1.464,1.75,"plateau","frozen:superheated:rocky:artificial temperate"
321,"Zibal Astraeos",1291,2.62,0.996,1.38,"plain:verdant:grassland:mountain:cityscape:island:reef","artificial temperate:frigid:rocky:artic:humid"
322,"Procyon Octal",1874,3.55,1.218,1.43,"glacier:cliff:city:reef:field:valley","temperate:frozen:subartic:rocky"
323,"Menkib Artemian",6800,3.43,0.896,1.56,"reef","temperate"
324,"Hoggar Lambda",1165,3.11,1.036,1.44,"tundra:jungle","subartic:artificial temperate:tropical:temperate:frozen"
325,"Hoggar Mu",1165,7.39,1.166,1.85,"mountain:savanna","temperate:hot:superheated:arid:rocky"
326,"Nebulaflux III",772,0.69,0.637,1.03,"reef:plain:ice canyon:plateau","artic:hot:windy:artificial temperate"
327,"Nebulaflux XXI",772,3.65,1.473,1.35,"urban","frigid:artificial temperate:temperate:subartic:hot"
328,"Kurhah Delta",7693,7.34,1.041,1.92,"valley:reef:savanna:cave:urban:plateau:cliff:island:sea","rocky:arid:subartic:frozen:temperate:artic"
329,"Kurhah Rho",7693,2.41,0.91,1.38,"plateau:plain:rocky desert:hill:sea","hot:superheated:arid:artic:artificial temperate"
330,"Mekbuda Faunios",2454,3.54,1.321,1.39,"plain","superheated:frozen:hot"
331,"Geisha's Whisper Gaios",3654,9.05,0.646,2.41,"mountain:canyons:cave:cliff:rocky canyon:lava river:swamp:grassy hill:verdant:desert:valley","subartic:frigid:tropical:humid:rocky:hot:artificial temperate"
332,"Geisha's Whisper Demetrian",3654,1.21,1.04,1.05,"verdant:hill:cave","subartic:temperate"
333,"Rastaban Qi",5330,6.01,0.665,2.08,"grassland:mountain:island","artic:temperate:subartic"
334,"Rastaban Ba",5330,8.7,0.896,2.13,"barren:hill:jungle:field:rainforest","frigid:arid:tropical:rocky:superheated:hot"
335,"Rastaban Wu",5330,3.71,0.935,1.58,"jungle","artic:humid:superheated"
336,"Setsuna Sextant",5132,2.38,0.77,1.46,"city:canyons","temperate:arid"
337,"Setsuna Vigesimal",5132,7,0.991,1.92,"acid pool","rocky:temperate:artic:subartic"
338,"Setsuna Nonal",5132,2.73,1.094,1.36,"rock arche","tropical:superheated:temperate:artificial temperate:humid:frigid"
339,"Timir Theta",1090,9.91,1.358,NA,"ocean","hot:arid:frozen"
340,"Timir Gamma",1090,8.39,1.26,1.88,"hill","hot:rocky:tropical:frigid"
341,"Bibhā San",1046,5.97,0.693,2.05,"cliff:field:city","rocky:temperate:artic"
342,"Bibhā Liu",1046,8.91,1.128,1.99,"jungle:plain:fungus forest","temperate:tropical"
343,"Xuange Delta",4872,2.19,1.117,1.25,"ice canyon:forest:grassland:mountain:city","hot:arid:subartic:temperate"
344,"Xuange Epsilon",4872,2.75,1.076,1.37,"sea:savanna:volcano:jungle:island:mountain","artificial temperate:temperate:artic:hot:rocky"
345,"Xuange Phi",4872,6.92,0.953,1.94,"verdant:tundra","hot:tropical:rocky:frigid"
346,"Inquill Nu",980,1.49,0.198,1.96,"ice cave:plateau:canyons:urban","frigid:artificial temperate:subartic:rocky"
347,"Deneb Prime",3464,7.89,0.614,2.34,"cave:urban:canyons:tundra:jungle","tropical:artificial temperate:frigid:temperate"
348,"Deneb Tertial",3464,1.05,1.002,1.02,"vine:city:sinkholes:canyons:island","rocky:superheated:windy:humid"
349,"Meissa XVII",1539,2.1,1.39,1.15,"ash","superheated:humid"
350,"Cosmara Jiu",7329,1.75,0.919,1.24,"reef:savanna:ocean:toxic cloudsea:rocky desert:cityscape","subartic:artic:tropical:arid"
351,"Cosmara Wu",7329,1.83,1.234,1.14,"rocky desert:mountain","humid:frozen:subartic"
352,"Malmok Omicron",4275,2.33,0.802,1.43,"lakes","artic:frozen"
353,"Izar Epsilon",2787,3.69,0.586,1.85,"ash:grassy hill:mountain:rainforest:vine","superheated:artic:hot:frigid"
354,"Almach Wu",5245,1.09,0.936,1.05,"sinkholes:plain","superheated:frozen"
355,"Almach Qi",5245,8.3,0.981,2.04,"bog","tropical:frozen:temperate:arid:hot"
356,"Almach Yi",5245,5.18,1.027,1.71,"rocky island:rock arche","windy:temperate:hot"
357,"Nenque XIV",5152,3.87,0.889,1.63,"rainforest:cave:sea","frozen:tropical"
358,"Absolutno VIII",4354,1.9,1.28,1.14,"valley","windy:frozen:humid"
359,"Mazaalai Morphean",5118,3.6,1.077,1.5,"cave","artificial temperate:artic:arid:rocky:hot"
360,"Arcanix Artemian",2587,6.41,1.14,1.78,"plain:hill:reef:rainforest:tundra","tropical:artic:arid:temperate:windy:superheated"
361,"Taiyi Jiu",5448,2.66,0.631,1.62,"acid pool:urban:rocky canyon","tropical:rocky:temperate:arid"
362,"Taiyi Si",5448,6.93,0.961,1.93,"cliff","humid:arid"
363,"Taiyi Er",5448,2.36,1.067,1.3,"reef","temperate:hot:arid:humid:artic"
364,"Zephyrianix XX",4434,4.68,0.946,1.7,"river:reef:cliff","windy:frigid:subartic"
365,"Zephyrianix XII",4434,1.85,1.117,1.18,"fungus forest:barren:tundra","artificial temperate:arid:rocky:humid:hot"
366,"Eonara III",90,2.61,1.015,1.37,"lava river","frozen:superheated:humid:arid:windy"
367,"Eonara XIX",90,7.83,0.965,NA,"sinkholes:rocky canyon:ice cave:sea:cave:lakes","humid:windy:superheated:artic:arid"
368,"Cosmoflare Phi",4556,7.42,1.101,1.89,"hill:swamp:ocean:city","frigid:temperate:rocky:artificial temperate:humid"
369,"Cosmoflare Kappa",4556,0.58,NA,0.87,"rock arche:urban:jungle:lava river:valley:fungus forest:volcano","frozen:artificial temperate:arid:hot:tropical"
370,"Cosmoflare Rho",4556,1.55,NA,1.1,"forest:river:grassland","subartic:rocky:tropical:artic:temperate:arid"
371,"Zavijava Rho",6182,2.41,1.074,1.31,"ice canyon:ocean:rainforest:rocky canyon:rock arche:rocky island:ice cave:forest","artic:temperate:artificial temperate:frigid:tropical"
372,"Zavijava Xi",6182,6.08,0.834,1.94,"reef:canyons:cityscape","artificial temperate:hot"
373,"Nova Prism IX",4543,1.93,0.853,1.31,"cave","hot:temperate:frozen"
374,"Shogun's Loom XXI",7658,6.71,NA,1.66,"plateau:verdant","hot:windy:arid"
375,"Hikari Gaze Ba",930,1.75,1.379,1.08,"plateau","artificial temperate:arid:hot:artic"
376,"Hikari Gaze Shi",930,4.12,NA,2.19,"ocean:reef","superheated:frigid"
377,"Spectrion VI",5323,5.57,0.807,1.9,"forest:vine:urban:canyons","frozen:temperate:subartic"
378,"Polis Quintal",1680,5.58,0.713,1.99,"river","temperate:tropical"
379,"Thunderpeak Nonal",2204,5.81,0.924,1.85,"rocky desert:ash","subartic:tropical:frozen:hot:frigid:arid"
380,"Thunderpeak Duodecimal",2204,7.14,1.359,1.74,"plain","hot:arid:rocky"
381,"Rukbat XII",8744,4.46,0.935,1.68,"verdant:grassland:rocky island:cliff","humid:frigid:temperate"
382,"Rukbat XXIII",8744,1.24,0.777,1.17,"rock arche","frozen:superheated:artic"
383,"Rukbat VI",8744,1.46,1.231,1.06,"rocky canyon","tropical"
384,"Fjellstone Atlasios",3672,0.83,1.268,0.87,"river:urban","rocky"
385,"Galaxaraith Nemesisian",5293,0.43,0.872,0.79,"sea:ash","rocky:tropical:windy:hot:artic"
386,"Phantara Eta",4468,1.35,1.195,1.04,"desert:swamp","hot:arid:temperate:humid:superheated"
387,"Phantara Iota",4468,8.58,1.141,1.96,"cityscape:bog:jungle:urban:mountain:savanna:fungus forest","artificial temperate:humid:hot:temperate:frozen"
388,"Phantara Theta",4468,0.92,0.828,1.04,"verdant:cave","tropical:hot:superheated:arid:frozen"
389,"Cursa VIII",7621,3.23,1.177,1.4,"ocean:urban","temperate:artificial temperate"
390,"Cursa II",7621,1.86,1.115,1.19,"tundra","rocky:windy:superheated:artificial temperate"
391,"Sadr Atlasios",6726,2.38,0.909,NA,"rock arche","artic:artificial temperate:frozen:windy:hot"
392,"Sadr Museios",6726,0.82,1.369,0.84,"city:grassy hill","frigid:subartic:artificial temperate"
393,"Sadr Irisian",6726,2.4,0.806,NA,"city:island:sea:jungle","frigid:artificial temperate:subartic:humid"
394,"Etherios Quartal",1205,4.44,NA,1.49,"plain","tropical"
395,"Etherios Duodecimal",1205,7.28,1.494,1.7,"glacier:ocean:reef:city","frozen:windy:frigid:rocky:subartic"
396,"Etherios Decimal",1205,2.74,1.213,1.31,"cityscape","artic:rocky:artificial temperate:superheated:frozen"
397,"Alnitak Octal",598,4.07,0.981,1.61,"rock arche:fungus forest:glacier:jungle","tropical:rocky:frozen:superheated"
398,"Alnitak Secant",598,6.54,0.998,1.87,"sea:cave:savanna:lava river:island:volcano","humid:hot:frozen:tropical"
399,"Sadalsuud Octal",8588,4.03,1.042,1.57,"jungle:bog:savanna:jungle:field","windy:superheated:temperate:tropical"
400,"Sadalsuud Vigesimal",8588,2.2,0.985,1.31,"lakes:cityscape","tropical:temperate:arid:rocky:frozen:subartic:hot"
401,"Brachium XV",5877,3.51,0.832,1.62,"ice canyon","hot:rocky:arid:artic"
402,"Brachium VII",5877,7.07,0.863,2.02,"rock arche:vine:hill:reef:grassland:bog","temperate:rocky:frozen:frigid"
403,"Brachium XIV",5877,1.12,1.2,0.98,"volcano:rocky desert:plain:rocky canyon:reef:valley","hot:frozen:artificial temperate:superheated"
404,"Galaxara Zephyrian",6607,6.22,1.161,1.75,"mountain:rocky island:canyons:rock arche","frigid:windy:humid:artificial temperate:frozen"
405,"Galaxara Artemian",6607,4.44,0.882,NA,"rocky island:lakes","tropical:artic:superheated:frigid:rocky:frozen"
406,"Galaxara Eosian",6607,5.66,0.728,1.98,"cityscape:rocky desert:ice cave","artificial temperate:humid:rocky:superheated:subartic"
407,"Altais XXI",8634,4.27,1.057,1.59,"cityscape:verdant","frigid"
408,"Cerulean Cryptic Herculean",6204,3.81,1.604,1.33,"plain:swamp:sea:tundra:grassy hill","artificial temperate:windy:rocky:frozen:humid"
409,"Cerulean Cryptic Oranos",6204,1.77,1.065,1.18,"rocky island:ocean:savanna","rocky:frigid:tropical:artificial temperate:hot"
410,"Kirei Nereidos",3820,7.26,1.006,1.93,"cityscape","subartic:superheated"
411,"Hathor's Labyrinth Yi",2508,2.65,1.215,1.3,"valley:vine:rocky desert:plain","temperate:frozen:windy:frigid:superheated"
412,"Hathor's Labyrinth Liu",2508,7.33,0.932,1.99,"glacier:urban","frozen:artic:subartic"
413,"Hathor's Labyrinth Si",2508,4.16,0.785,1.74,"savanna:reef:plateau:canyons:mountain","subartic:hot:frozen:frigid:windy:superheated"
414,"Eclipsix XIX",5160,4.53,0.962,1.68,"ice cave","frozen:artic:arid:subartic"
415,"Eclipsix VIII",5160,6.79,1.45,1.67,"valley","windy:subartic"
416,"Eclipsix XXIII",5160,0.45,0.901,0.79,"urban:cliff:lakes:acid pool","artic:frigid:rocky"
417,"Menkar Hermesios",2092,8.01,0.657,2.3,"field:mountain","hot:subartic"
418,"Felixvarela Hecatean",4564,9.11,1.001,2.09,"canyons","subartic:humid:rocky"
419,"Felixvarela Apollox",4564,1.53,0.622,1.35,"jungle:canyons:swamp:sea:ocean","hot:artificial temperate:arid:humid"
420,"Cosmaraud Nemesisian",4037,1.12,0.971,1.05,"cave","superheated:hot:artic:frozen"
421,"Elysian Nebula Hadean",8684,2.69,1.206,1.31,"cityscape:rock arche:island:vine","tropical:temperate:humid:artic"
422,"Galacticon II",4572,1.15,1.072,1.02,"scrubland:rocky island:ice cave:island:ocean:jungle:ice canyon:verdant","arid:temperate:frigid:tropical:artificial temperate"
423,"Galacticon I",4572,2.11,0.904,1.33,"valley:tundra:grassy hill","artic:humid"
424,"Enishi Resonance Apollox",4151,0.98,1.065,0.97,"city","artificial temperate"
425,"Cryptic Shadows XXII",3666,7.91,1.087,1.94,"ice cave:sea:toxic cloudsea","artic:hot:arid:frozen"
426,"Tapecue XV",5698,1.66,1.067,1.16,"cityscape:rocky canyon","frigid:frozen:temperate"
427,"Ainalrami Pi",383,5.1,1.099,1.67,"ice canyon:jungle:cliff:plateau:fungus forest:urban","artificial temperate:frozen:artic:temperate:tropical"
428,"Ainalrami Gamma",383,2.25,0.774,1.43,"hill:lakes:grassy hill:verdant","humid:windy:temperate:artificial temperate:frigid"
429,"Ainalrami Tau",383,6.5,0.913,1.92,"desert:lava river:ocean","artificial temperate:windy:hot"
430,"Selene's Whimsy Nu",1179,2.46,1.266,1.25,"cliff","artificial temperate:subartic:artic:hot:temperate:humid"
431,"Selene's Whimsy Zeta",1179,2.52,1.378,1.22,"mountain:jungle","rocky:humid:subartic:temperate:arid"
432,"Eternal Murmurs Hadean",5384,8.41,1.067,1.99,"sinkholes:barren:jungle:ice cave:valley:bog:canyons:ash","frigid:windy:frozen:rocky:arid:humid:hot"
433,"Nile Celestial Nu",5947,1.55,1.198,1.09,"rocky canyon:rocky island:ice canyon:fungus forest","humid:windy:frozen:temperate:subartic:hot"
434,"Nebulae Cipher Qi",9128,3.1,1.216,1.37,"canyons:cliff:plain","rocky:superheated:temperate:artic:humid:tropical"
435,"Nebulae Cipher Si",9128,2.03,1.145,1.21,"city:grassland","temperate:artic"
436,"Natasha Shi",4925,4.58,0.968,1.68,"lava river:verdant","hot:humid:windy:arid"
437,"Natasha Er",4925,3.1,1.167,1.39,"ocean:urban:ice cave:cave:jungle:glacier:reef","windy:rocky:humid:tropical:temperate:frigid"
438,"Natasha Wu",4925,0.68,0.785,0.95,"rock arche:rocky canyon:jungle","artificial temperate:frozen:superheated:rocky:arid:artic"
439,"Cosmic Cascade Qi",6763,3.59,1.042,1.51,"ice cave:reef:island:plateau:canyons:city","subartic:frigid:arid:temperate"
440,"Cosmic Cascade Wu",6763,1.95,1.025,1.24,"plain:sinkholes","hot:subartic:frigid:temperate"
441,"Astrum Cryptic VI",68,0.56,1.044,0.81,"rocky desert:verdant","subartic:frozen"
442,"Astrum Cryptic XI",68,1.42,1.028,1.11,"grassy hill:glacier:cliff:verdant:cave:hill:lava river:volcano","artificial temperate:subartic:windy:rocky:arid:artic:frigid"
443,"Chara Yi",8938,9.9,1.167,2.04,"vine:reef:glacier:hill:canyons","artificial temperate:frigid:artic:humid:hot"
444,"Chara Wu",8938,3.16,0.697,1.65,"grassy hill:plain","arid:temperate:superheated:rocky"
445,"Nebulium XI",7510,7.93,1.127,1.92,"ice cave:tundra","windy:frigid:tropical"
446,"Nebulium XVI",7510,5.74,0.703,2.01,"ocean:savanna:urban","hot:arid:temperate:rocky:frigid"
447,"Lunar Mirage Yi",1402,2.98,1.184,1.36,"sea:cliff","rocky:subartic:frigid"
448,"Lunar Mirage Liu",1402,3.73,1.146,1.48,"rainforest","rocky:superheated:hot"
449,"Anubis' Echo X",9172,7.52,1.299,NA,"ice canyon:island:acid pool:ice cave","subartic:superheated:tropical:windy:arid"
450,"Nefertiti's Beacon Dionian",9323,1.25,1.283,0.99,"cityscape:river","artificial temperate"
451,"Nefertiti's Beacon Typhonian",9323,6.34,1.113,1.79,"tundra:verdant:forest","tropical:frozen"
452,"Kaze Horizon Ba",3283,5.88,1.229,1.69,"lava river:acid pool:toxic cloudsea:mountain:city","hot:frigid:frozen:temperate"
453,"Ayeyarwady Hermesios",109,2.39,NA,1.22,"rock arche:lava river:vine","temperate:frozen:superheated:humid:frigid"
454,"Kaus Australis XXIII",928,1.49,NA,1.01,"scrubland:plateau:forest","rocky:windy:artic:subartic:arid:artificial temperate"
455,"Kaus Australis I",928,8.26,1.334,1.84,"ocean","temperate:windy:hot"
456,"Alchiba Sextant",6889,0.56,0.964,0.83,"grassy hill:cityscape:mountain:city:rock arche:forest:plateau","arid:hot:humid:frigid:artificial temperate:windy"
457,"Alchiba Nonal",6889,5.7,0.806,1.92,"rainforest:hill:rock arche","frigid:tropical:hot"
458,"Mimosa Aetherios",8455,7.18,1.427,1.71,"ocean:tundra","frigid:humid:windy"
459,"Frostbeard XIX",7686,1.45,0.976,1.14,"glacier:ice canyon:tundra:savanna:cave","artic:frozen:rocky:superheated"
460,"Acubens Poseidian",5556,1.15,0.525,1.3,"valley:plain:bog:cliff:ash:island:grassy hill:plateau","tropical:hot:superheated:frozen:frigid"
461,"Solaris Kappa",4588,5.35,1.238,1.63,"tundra:hill:rainforest","superheated:subartic:artic:humid"
462,"Solaris Tau",4588,3.22,0.843,1.56,"verdant:urban:ice canyon","arid:windy:frigid"
463,"Yed Posterior Cerberian",2353,2.61,0.894,1.43,"rainforest","tropical:temperate:frigid:humid"
464,"Seth's Enigma Gamma",6365,4.94,1.014,1.7,"cave:ice cave:volcano:rocky desert:river","rocky:arid:frozen"
465,"Uchū Omega",4488,3.32,1.278,1.37,"river:vine:jungle:toxic cloudsea:hill:city","artic:subartic:tropical:artificial temperate:humid:frozen"
466,"Heliosys Er",4256,2.41,1.011,1.34,"rocky canyon:mountain:rock arche:savanna:urban","frozen:subartic:rocky:arid"
467,"Heliosys Yi",4256,0.59,1.161,0.8,"savanna:city","artificial temperate:tropical"
468,"Cleopatra's Expanse XXIII",818,6.1,1.01,1.82,"lakes:valley:fungus forest","hot:rocky:superheated:artic"
469,"Pulsariana Chimeraean",4362,1.21,1.114,1.03,"sinkholes:bog:rocky desert:lakes:hill:verdant:tundra","artificial temperate:artic:rocky:hot:windy:subartic"
470,"Lurking Whispers Sigma",5360,1.76,0.841,1.28,"grassy hill:rock arche:volcano:verdant:ice cave:rocky canyon:plateau:valley","hot:temperate:superheated:humid:artic"
471,"Galaxix Hermesios",5087,1.7,0.867,1.25,"river","humid:hot:arid:subartic"
472,"Canopus Sextant",3455,2.63,1.035,1.36,"verdant:vine","windy:humid:arid:hot"
473,"Canopus Nonal",3455,4.93,NA,1.66,"river:bog:canyons:grassy hill","windy:temperate:frozen:arid:frigid:subartic:artic"
474,"Canopus Secant",3455,5.63,NA,1.59,"grassy hill:rock arche:desert:jungle:tundra:rocky canyon","arid:frigid:temperate:hot"
475,"Moldoveanu Gaian",8543,3.27,0.734,NA,"verdant:rainforest:cave:desert:savanna","tropical:arid:frigid:humid"
476,"Quanticus Ba",5409,2.13,1.192,1.21,"barren:canyons","rocky:arid"
477,"Quanticus Er",5409,6.8,1.337,1.72,"ice canyon:rock arche:rainforest","superheated:frozen"
478,"Abyssal Mirage Astraeos",3018,1.09,1.448,0.91,"desert:jungle:sinkholes:cliff:ocean:fungus forest","artificial temperate:superheated:humid:windy:frozen"
479,"Abyssal Mirage Olympios",3018,0.95,1.282,0.9,"river","temperate:hot:windy:superheated"
480,"Abyssal Mirage Irisian",3018,2.95,1.248,1.33,"sinkholes","hot:artificial temperate"
481,"Ukdah Pegasusian",59,3.19,0.935,1.51,"plateau:ice cave:rocky desert","windy:subartic:hot:arid:frigid:artic"
482,"Beemim Yi",1972,4.61,1.176,1.58,"lava river:desert:ocean:rocky desert:plateau:cityscape","rocky:hot:artificial temperate:arid"
483,"Beemim Si",1972,5.62,0.942,NA,"plain:grassy hill","artic:hot:frigid"
484,"Olympian Flux Pantheon",7981,8.51,0.514,2.55,"cave:valley","hot:temperate:superheated"
485,"Olympian Flux Orphean",7981,8.19,1.152,1.92,"plateau:grassland:cave:ocean:rocky island:savanna","frigid:subartic:artificial temperate:artic:temperate:tropical"
486,"Olympian Flux Nyxios",7981,4.03,1.054,1.56,"urban:grassland","subartic:humid:temperate"
487,"Shaula Rho",5204,1.82,1.375,1.1,"valley:sea","windy:hot:frigid:arid:humid"
488,"Shaula Epsilon",5204,1.79,1.033,1.2,"rocky canyon:savanna:ice canyon:glacier:forest","frigid:tropical:arid:artic:frozen"
489,"Celestial Mirage Quintal",4933,4.65,1.053,1.64,"rocky desert:plain:forest:volcano:hill:ice canyon","frozen:rocky:tropical:superheated:arid"
490,"Celestial Mirage Septimal",4933,5.11,1.001,1.72,"valley","humid:windy:artificial temperate"
491,"Phecda Tertial",4675,8.71,1.059,2.02,"fungus forest:rocky desert:rainforest","temperate:artificial temperate:frozen:windy:humid"
492,"Phecda Sextant",4675,3.17,1.215,1.38,"cave","hot:windy:frozen:humid:subartic"
493,"Minelauva Liu",5855,0.51,1.249,0.74,"glacier:hill:plain","frozen:frigid:windy"
494,"Minelauva Ba",5855,1.24,1.358,0.97,"sinkholes:urban:lava river","rocky:arid:superheated"
495,"Obelisk Shadows XVI",6626,1.44,0.854,1.19,"ice canyon:tundra:city:desert","subartic:rocky:frozen:artic"
496,"Igniflux XVIII",6151,4.32,0.828,1.73,"plateau:cave","rocky"
497,"Antares Alpha",5900,0.5,1.199,0.75,"cliff:canyons:island:city","artificial temperate:subartic:windy:frigid:rocky:temperate"
498,"Antares Zeta",5900,5.4,0.96,1.78,"sea:valley:toxic cloudsea:cliff:forest","frozen:hot:humid:temperate"
499,"Antares Tau",5900,2.96,1.309,1.31,"cave:city:lakes","arid:artificial temperate"
500,"Caph II",6394,1.48,1.274,1.05,"jungle:ice cave:barren","windy:frozen:superheated:arid"
501,"Kiseki Expanse V",9548,1.87,0.898,1.28,"savanna:fungus forest:river:tundra:hill","windy:tropical:superheated:temperate:arid:frigid"
502,"Pharaoh's Veil Eta",8595,1.79,0.891,1.26,"grassy hill","superheated:temperate:humid:artificial temperate:tropical:hot:windy"
503,"Pharaoh's Veil Rho",8595,2.31,0.812,1.42,"vine:island:hill:jungle:forest","frigid:tropical:humid"
504,"Galaxium Yi",7035,1.21,1.136,NA,"savanna:acid pool:cliff","temperate:tropical:hot"
505,"Galaxium Jiu",7035,1.5,0.659,1.32,"rocky island","artificial temperate:frozen:superheated:rocky:humid"
506,"Aldhanab Hadean",4109,6.14,1.164,1.74,"cliff:river:reef:forest:bog","artificial temperate:frigid:temperate"
507,"Jishui Athenian",165,2.55,1.514,1.19,"glacier:ice cave:ice canyon","artic:subartic"
508,"Jishui Pegasusian",165,2.39,1.144,1.28,"grassy hill:island:jungle","hot:temperate:artic:frozen:humid:windy"
509,"Schedar Omicron",6931,4.93,1.005,1.7,"rocky island:ice cave:forest","frozen:subartic:arid:humid"
510,"Luminous Nexus Nymphios",9292,0.87,0.95,0.97,"tundra:reef","humid:frozen:tropical"
511,"Lucilinburhuc Olympios",8575,5.28,1.004,1.74,"jungle:cliff:scrubland:sinkholes:river:field","temperate:rocky:windy:arid:subartic:tropical:hot"
512,"Morava Hermian",2507,7.78,1.354,1.79,"rainforest:urban:ocean:island","tropical:artic:frigid"
513,"Celestial Cascade Octal",6034,2.39,NA,1.32,"urban","windy:frigid"
514,"Celestial Cascade Prime",6034,2.25,0.849,1.38,"rock arche:plateau","superheated:artic:temperate"
515,"Lilii Borea Atlasios",1651,2.33,0.822,1.42,"cliff","tropical:arid:artificial temperate:subartic"
516,"Paikauhale Octal",3426,4.7,1.561,1.44,"hill","artificial temperate:humid:rocky:temperate:artic"
517,"Paikauhale Sextant",3426,0.98,1.081,0.97,"barren","windy:arid"
518,"Paikauhale Decimal",3426,5.4,1.067,1.72,"swamp:barren:vine","windy:arid:humid"
519,"Albali Sigma",3206,0.93,1.139,0.93,"barren:city:volcano","temperate:arid"
520,"Albali Theta",3206,1.95,1.09,1.21,"tundra:valley:ocean:fungus forest","windy:artic:subartic:humid"
521,"Albali Omega",3206,0.4,1.007,0.74,"cliff:grassland:acid pool:vine:island:plain","superheated:humid:rocky:hot"
522,"Dracothra Mu",3593,1.77,1.025,1.2,"canyons:field","windy:temperate:rocky:frozen"
523,"Bellatrix Tertial",7698,0.97,0.374,1.37,"jungle:jungle","rocky:tropical:hot:temperate"
524,"Ephemeral Abyss Pi",5305,6.07,1.362,1.65,"cliff","frozen"
525,"Piautos Selenean",3246,9,1.119,2,"rocky island:mountain:acid pool:sea","superheated:hot:windy:rocky:artic"
526,"Piautos Demetrian",3246,7.56,1.766,1.62,"rocky island:fungus forest:sea:rainforest:ice cave:jungle","rocky:artic:tropical:artificial temperate"
527,"Rimeblade Iota",2793,1.5,0.725,1.27,"island:fungus forest","artificial temperate:hot"
528,"Rimeblade Eta",2793,1.48,0.976,1.15,"mountain:city:river:hill:desert:forest","rocky:temperate:frigid:frozen"
529,"Rimeblade Omega",2793,3.54,1.2,1.43,"verdant:valley","artic:artificial temperate:frigid"
530,"Radiancea Jiu",6114,1.29,0.964,1.1,"island:urban:savanna:sea:glacier:acid pool:bog:ice cave","artificial temperate:arid:frozen:artic:windy:humid"
531,"Radiancea Qi",6114,0.64,1.148,0.82,"rocky island:island:ash:savanna:urban:glacier","windy:rocky:temperate:superheated:humid:hot:frozen"
532,"Radiancea San",6114,0.85,1.015,0.94,"rock arche","artic"
533,"Praecipua Prime",933,5.44,0.88,1.84,"cityscape:volcano:cliff:lakes:grassland","temperate:arid:artificial temperate"
534,"Praecipua Tertial",933,6.39,0.722,2.07,"plateau:cliff:ice cave:volcano:ocean:sinkholes:toxic cloudsea:city","artic:arid:superheated:tropical:rocky"
535,"Praecipua Vigesimal",933,5.05,1.317,1.57,"island:verdant:river:lakes:desert:cityscape:rocky canyon:bog","artificial temperate:temperate:frigid:arid:frozen:artic"
536,"Ketsueki Whispers Upsilon",3336,6.32,1.24,1.72,"sea","subartic:rocky:artificial temperate"
537,"Axólotl VI",5563,0.93,0.861,1.03,"canyons:mountain:acid pool:lakes:desert","subartic:artificial temperate:superheated"
538,"Albireo Quintal",9249,7.3,1.105,1.88,"ocean","windy:rocky:frozen:humid"
539,"Albireo Nonal",9249,6.37,1.284,1.71,"glacier:verdant:jungle:rocky canyon","artificial temperate:frigid:humid:frozen:tropical:subartic"
540,"Tiaki Decimal",2235,0.58,0.799,0.9,"plateau:urban:tundra:plain","hot:frigid:windy:arid:frozen:artic"
541,"Tiaki Nonal",2235,4.91,0.891,1.77,"swamp:acid pool","tropical:hot"
542,"Tiaki Quintal",2235,8.17,0.457,2.61,"jungle:savanna:sinkholes:ice canyon:city","superheated:frozen:hot:windy"
543,"Osiris Cascade Faunios",4153,1.37,1.174,1.05,"cave:glacier","frigid:subartic"
544,"Celestial Serenity Beta",4734,1.3,0.888,1.14,"urban:rocky desert:plain:cave:city","arid:frozen:subartic"
545,"Diya XII",8541,6.63,1.004,1.88,"urban:glacier","artic:windy"
546,"Auroraflame Er",5239,2.52,1.271,1.26,"grassland:lakes:cityscape","windy:tropical:temperate"
547,"Auroraflame Jiu",5239,2.09,1.362,1.15,"volcano:lakes","windy:frigid:rocky:tropical:superheated"
548,"Auroraflame Wu",5239,6.59,0.945,1.91,"volcano:jungle:scrubland:plateau:savanna:rock arche:acid pool:glacier","tropical:subartic:arid:hot:frigid"
549,"Rasalas XX",2132,6.95,1.099,1.85,"desert:fungus forest:plain","hot:arid"
550,"Nova Cascade Zephyrian",7351,0.71,0.94,0.91,"ocean","artificial temperate"
551,"Alcor Poseidian",4161,2.12,1.134,1.23,"river:lava river:vine:lakes","temperate:arid:tropical:superheated:frozen:artic:windy"
552,"Fjordr XX",606,2.41,1.353,1.21,"urban","superheated:frozen:windy"
553,"Torii Beacon Shi",5912,0.69,0.837,0.94,"valley","humid:artic:windy"
554,"Torii Beacon Yi",5912,2.02,0.982,1.27,"cityscape:volcano:lakes:glacier:rocky canyon:plain:swamp","arid:rocky:superheated:artic:tropical"
555,"Umbral Silence Prime",844,7.35,0.448,2.54,"ocean:jungle:cave:ice canyon:sea:hill","tropical:subartic:arid:rocky"
556,"Hannya's Silence Orphean",3279,3.86,0.718,1.75,"rock arche:river","hot:frozen:humid:superheated:artificial temperate:tropical"
557,"Hannya's Silence Oranos",3279,1.85,0.925,1.26,"rocky island:rocky canyon:canyons:cliff:city","artificial temperate:rocky:frigid"
558,"Bunda Phi",1821,0.82,0.952,0.95,"ice cave:tundra:hill:desert:city:rock arche","subartic:artificial temperate:frigid:frozen:rocky"
559,"Bunda Nu",1821,7.03,1.309,1.75,"volcano:glacier:cliff:lakes","windy:superheated:tropical:artic"
560,"Bunda Tau",1821,1.58,0.787,1.26,"valley","artificial temperate:windy:arid"
561,"Arcalís XXII",2652,0.8,0.67,1.06,"volcano:sea","artic:frigid:frozen:temperate:hot"
562,"Arcalís II",2652,1.81,1.038,NA,"rocky canyon:plateau","arid:temperate"
563,"Zypheria Apollox",6888,2.73,1.163,1.33,"toxic cloudsea:valley","hot:arid:artic:temperate"
564,"Orion's Elegance Sirenios",6909,1.98,1.107,1.21,"barren:sinkholes:tundra:cave","rocky:superheated:arid:tropical"
565,"Homam Jiu",5011,4.26,1.442,1.43,"verdant","temperate:windy:rocky"
566,"Subra XIII",4632,2.71,0.952,NA,"jungle:lava river","superheated:subartic:temperate:windy"
567,"Hunor Gaios",6944,1.24,1.133,1.03,"cave:cliff:fungus forest:field:canyons","humid:frozen:arid:tropical:artificial temperate:windy:artic"
568,"Ancha Centaurios",4509,1.01,1.011,1,"reef:verdant","windy:tropical:arid"
569,"Ancha Hadean",4509,2.85,1.313,1.29,"volcano:lakes:vine:acid pool:reef","windy:frigid:temperate:hot:superheated"
570,"Galaxy Prism XIV",5353,1.7,0.831,1.27,"scrubland","windy:arid:rocky"
571,"Galaxy Prism XIX",5353,8.69,1.191,1.94,"vine:city:mountain:reef:hill","humid:subartic:tropical"
572,"Tupi Qi",4228,7.15,0.94,1.97,"field:jungle","frigid:artic:tropical"
573,"Ebla Tritonian",2491,1.42,0.711,1.26,"rocky desert:hill:mountain","arid:tropical:temperate:superheated"
574,"Nebulosys Er",2314,2.97,0.693,1.62,"reef","artificial temperate:frigid:frozen:superheated"
575,"Nebulosys Liu",2314,8.3,1.139,1.94,"cliff:savanna","rocky:humid:frigid:artificial temperate"
576,"Etherionara VII",7345,2.1,0.948,1.3,"scrubland:volcano:rocky desert:cityscape:plateau","superheated:arid:frigid:rocky"
577,"Helionyx Wu",1068,3.68,1.114,1.49,"ocean","windy:hot:subartic"
578,"Helionyx Qi",1068,2.76,1.016,1.4,"cave:city","temperate:tropical:superheated:arid:humid"
579,"Icarian Cipher Iota",8282,4.95,1.008,1.7,"grassy hill:canyons:rocky desert:river:volcano:forest:vine:city","temperate:rocky:hot:superheated:arid"
580,"Icarian Cipher Beta",8282,2.85,1.186,1.34,"plateau:acid pool","superheated:artificial temperate:humid:windy"
581,"Cosmaronix Rho",6801,2.88,1.045,1.4,"lava river","artificial temperate:artic:arid:tropical"
582,"Cosmaronix Eta",6801,7.98,1.377,1.8,"ocean:bog","hot"
583,"Cosmaronix Tau",6801,0.78,1.289,0.85,"urban:bog:plain:ice canyon:jungle","hot:frigid:windy:arid"
584,"Titawin Secant",2706,0.88,0.689,1.08,"river:rocky desert:mountain:ocean:glacier","windy:frigid:arid:subartic:frozen"
585,"Titawin Octal",2706,9.3,1.026,2.08,"glacier:ice cave:mountain:river:urban","frigid:artificial temperate:rocky"
586,"Titawin Prime",2706,1.98,0.557,1.53,"ice canyon","superheated:subartic:frozen"
587,"Yugure Radiance Oranos",7092,4.72,0.913,1.73,"valley:urban:tundra","subartic:tropical:windy"
588,"Ra's Echo X",4334,4.59,0.742,1.84,"cityscape:rocky canyon:tundra:ocean","temperate:windy:frigid:artic"
589,"Komorebi Theta",9059,5.8,1.065,1.76,"lakes:rock arche","frozen:temperate"
590,"Sabik Nymphios",2785,7.13,1.469,1.69,"grassy hill","superheated:artificial temperate:hot"
591,"Naledi Echoian",4291,1.67,0.905,1.23,"desert:reef:valley","arid:humid:rocky:frigid:hot:superheated"
592,"Torii Shadows Alpha",6544,7.22,1.029,1.91,"acid pool:verdant","humid:arid:subartic:frozen:hot:superheated"
593,"Torii Shadows Psi",6544,3.19,1.08,1.43,"forest:field","temperate"
594,"Torii Shadows Kappa",6544,6.28,0.787,2,"tundra:island:forest:plateau:sea","superheated:frigid:hot:artificial temperate:frozen"
595,"Sakura Seraph Sextant",7574,2.42,0.983,1.35,"rocky island:plain:vine:jungle:grassy hill:cliff","tropical:windy:rocky:artificial temperate:temperate"
596,"Sakura Seraph Octal",7574,8.75,1.436,NA,"canyons:desert:volcano:lakes:ash:lava river:sinkholes","hot:temperate:artificial temperate:artic:frigid:humid"
597,"Itonda Museios",2430,8.63,0.753,2.25,"urban:grassy hill:canyons","hot:windy:tropical"
598,"Irena Undecimal",9893,4.84,1.611,1.44,"forest:tundra:cave:rocky canyon","tropical:temperate:windy:artic"
599,"Ebon Labyrinth Dionysios",8101,2.74,1.008,1.4,"reef","frozen:tropical:frigid:subartic"
600,"Ebon Labyrinth Herculean",8101,2.16,0.985,1.3,"rocky desert","artic"
601,"Ebon Labyrinth Asclepian",8101,0.83,0.941,0.96,"plain","windy:superheated"
602,"Snowstrider Septimal",6339,5.89,0.881,1.88,"rock arche","frozen"
603,"Snowstrider Prime",6339,3.39,1.098,1.46,"bog:swamp:jungle:rocky island","artificial temperate:humid:frigid"
604,"Galactic Prism II",5716,4.98,0.81,1.83,"urban:cliff","humid:frigid:windy:subartic:artic"
605,"Alya Undecimal",4577,8.02,0.853,2.11,"ice canyon:acid pool:lava river:verdant:cliff","tropical:superheated:arid:temperate:rocky:subartic"
606,"Amun-Ra Mirage I",5473,1.87,1.092,1.2,"tundra:toxic cloudsea","frozen:temperate:humid"
607,"Nocturne Echo Hestian",9608,4.92,0.895,1.76,"cave:rainforest:sinkholes","arid:hot:temperate:humid:frozen:superheated"
608,"Alasia Alpha",8208,2.46,1.258,1.25,"plateau","frigid:artificial temperate:temperate:subartic"
609,"Luminous Ember San",5117,6.82,1.056,1.86,"cave:ash:toxic cloudsea","tropical:hot:artic:temperate"
610,"Luminous Ember Jiu",5117,3.68,1.258,1.43,"forest:river:grassy hill:canyons:cityscape","rocky:artic:artificial temperate"
611,"Luminous Ember Yi",5117,0.97,1.386,0.89,"ice cave:rocky canyon:field:fungus forest:barren:cliff:mountain:lava river","frozen:subartic:arid:hot:rocky:windy"
612,"Celestros V",2992,3.78,0.974,1.57,"rocky canyon:plain:city:toxic cloudsea","arid:frozen:superheated:rocky:subartic"
613,"Muphrid Asclepian",9288,0.87,1.01,0.95,"bog:rock arche:cave","frigid:tropical:frozen:windy:superheated:arid"
614,"Zephyrion Ba",1560,1.62,0.945,1.2,"savanna:cliff","humid:artic:superheated:tropical:artificial temperate:hot"
615,"Zephyrion Yi",1560,1.29,1.234,1.01,"jungle:volcano","temperate:windy:hot:humid:frozen"
616,"Elysiumix Herculean",1326,8.21,1.5,1.76,"ice canyon","arid:artic:artificial temperate:subartic"
617,"Kasai Hestian",1617,1.31,0.891,1.14,"ocean:urban:mountain:rocky island:field:reef:jungle:swamp:river","subartic:tropical:artic:humid:frozen:frigid"
618,"Kasai Museios",1617,3.27,0.597,1.76,"valley","artificial temperate:hot"
619,"Sansuna Nyxios",897,5.86,0.603,2.13,"river:toxic cloudsea:valley:plain","artic:frozen:frigid"
620,"Sansuna Typhonian",897,5.58,0.669,2.03,"valley:ocean:cityscape","artic:arid:frigid:tropical:subartic"
621,"Sansuna Hermesios",897,8.93,0.897,2.15,"canyons","tropical:temperate:artificial temperate"
622,"Adhara Quintal",8510,6.04,1.238,1.7,"fungus forest","windy:tropical:artic"
623,"Adhara Vigesimal",8510,2.73,1.115,1.35,"verdant:valley:toxic cloudsea:hill:mountain:plain","frozen:arid:artic:rocky"
624,"Haruka Echoes Dionian",5277,4.27,1.015,1.61,"grassy hill:sea:valley","arid:subartic:artificial temperate:frozen:artic"
625,"Haedus Hermian",77,7.73,1.353,1.79,"cave:mountain:canyons:toxic cloudsea:cityscape:vine:ocean:jungle:plateau:fungus forest:rocky canyon","artic:superheated:tropical:arid:artificial temperate:frigid:frozen"
626,"Intercrus Iota",8158,1.35,0.899,1.15,"fungus forest","subartic:temperate:arid:tropical"
627,"Intercrus Chi",8158,6.72,0.706,2.12,"plateau:sea:river","hot:superheated"
628,"Intercrus Mu",8158,3.27,0.928,1.52,"toxic cloudsea:savanna:swamp:jungle","rocky:frozen:temperate:tropical"
629,"Pulsar Serenity Shi",5817,4.4,1.194,1.54,"city:volcano:river:cave","artic:superheated:subartic:arid"
630,"Hoshizora Seraph XVIII",6803,2.53,0.863,1.43,"plateau:cliff","arid:subartic:windy"
631,"Muliphein Chimeraean",4000,1.48,1.232,1.06,"valley:forest","subartic:windy:hot:tropical:frozen:temperate"
632,"Lunarianth Decimal",684,4.52,1.322,1.51,"desert:verdant:urban:sea","frozen:windy:superheated:tropical"
633,"Lunarianth Prime",684,2.29,0.861,1.39,"desert:verdant","rocky:superheated"
634,"Lunarianth Septimal",684,4.54,0.767,1.81,"acid pool","frigid:subartic:humid:artic"
635,"Zhang Secant",1553,2.88,0.982,1.43,"grassy hill:cityscape:city","hot:artic:frozen:humid:subartic:temperate:tropical"
636,"Sekhmet's Resonance Aetherios",9892,0.39,1.064,0.72,"tundra:forest:grassy hill:ice canyon","superheated:humid:frozen:artificial temperate:frigid:temperate"
637,"Ra's Ascendance Quartal",5620,1.69,1.297,NA,"verdant:river:cliff","temperate:subartic:hot:superheated"
638,"Alnilam Secant",7701,5.46,0.402,2.39,"ice cave:savanna:island:lava river:grassy hill:rocky desert","superheated:tropical:humid:artificial temperate:frigid"
639,"Ebon Depths Secant",1080,1.02,1.278,0.93,"lakes:rocky island:ocean","humid:hot:windy:arid:superheated"
640,"Tuiren Jiu",3412,3.49,1.027,1.5,"lakes:vine","windy:rocky:temperate:arid"
641,"Heliconian Whispers Rho",3327,1.97,1.158,1.19,"ice canyon:hill:reef:plain","frigid:artic:tropical"
642,"Lich Titanos",4759,0.85,0.994,0.95,"rocky canyon","subartic:arid:artic:frozen"
643,"Galactrix Alpha",648,1.2,1.143,1.02,"rocky island:river:valley:forest:hill:ice cave","artificial temperate:subartic:rocky:artic"
644,"Galactrix Xi",648,2.63,1.054,1.36,"field:rock arche:rocky desert:mountain:forest:rocky island","temperate:hot:frigid:subartic:humid:frozen:artificial temperate"
645,"Galactrix Beta",648,2.73,0.586,1.67,"rock arche","superheated:arid:temperate:artic:hot"
646,"Ninja's Radiance Jiu",4047,1.67,1.324,1.08,"lakes:plateau","artic:subartic"
647,"Ninja's Radiance Si",4047,1.7,0.985,1.2,"ash:plateau","arid:superheated:windy:artificial temperate:frozen:humid"
648,"Ninja's Radiance Ba",4047,1.83,1.276,1.13,"verdant","frozen:tropical:temperate:hot"
649,"Markab Septimal",4365,4.41,1.359,1.48,"lakes:verdant:volcano:cityscape:rocky desert","tropical:frigid:artic:temperate:arid:frozen"
650,"Markab Tertial",4365,2.97,0.97,1.45,"cityscape:rocky island:bog:jungle:rocky desert:urban:canyons","tropical:arid:frozen:superheated:artificial temperate:frigid:humid"
651,"Macondo XXI",3301,1.71,0.843,NA,"grassland:grassy hill:acid pool:ice cave:urban:valley:jungle","artic:frozen:humid:subartic:rocky:arid"
652,"Megrez Astraeos",6859,5.51,1.132,1.69,"field:sinkholes:valley","rocky:artic:superheated:artificial temperate:subartic:frigid"
653,"Zubenelhakrabi Chi",7097,2.93,NA,NA,"ocean","superheated:rocky:artificial temperate:windy:artic:frozen"
654,"Zubenelhakrabi Alpha",7097,1.64,1.009,1.18,"sea:island","windy:frigid"
655,"Alhena Herculean",7917,3.06,0.933,1.49,"barren:fungus forest:savanna","tropical:frigid:arid:artic"
656,"Azelfafage Chimeraean",2196,1.2,1.082,1.04,"reef:city:verdant:cave:tundra","subartic:frigid:frozen"
657,"Funi Secant",8425,7.49,1.183,1.85,"sea:sinkholes:verdant","frigid:superheated:windy:subartic:rocky"
658,"Heliosara Gaios",58,5.44,1.024,1.74,"ice canyon:island:valley:rocky island","rocky:frozen:hot:artic:frigid:subartic"
659,"Ankh Horizon Septimal",8791,4.11,1.004,1.6,"desert","superheated"
660,"Ankh Horizon Octal",8791,4.67,0.869,1.75,"river:rock arche:glacier:field","temperate:tropical:frozen"
661,"Ankh Horizon Quintal",8791,7.59,0.828,2.09,"urban:city:glacier","superheated:arid:subartic:rocky:windy"
662,"Seishin Er",7839,1.71,0.914,1.23,"desert:sea","tropical:frozen:arid:temperate"
663,"Seishin Wu",7839,1.9,0.841,1.31,"grassland:plateau:rocky desert:lava river:sinkholes:rock arche:bog","hot:windy:artificial temperate:humid:subartic:rocky"
664,"Seishin Ba",7839,6.07,1.243,1.7,"hill","windy:rocky:arid:artic"
665,"Titanium Enigma III",8310,2.97,0.635,1.67,"scrubland:tundra:canyons:swamp:hill","tropical:superheated:arid:rocky"
666,"Mönch Prime",7358,2.8,0.807,1.51,"valley:plain:savanna","humid:tropical:subartic:artificial temperate"
667,"Alterf Septimal",1300,0.77,0.916,0.94,"city:cityscape:valley","rocky:arid:hot"
668,"Alterf Nonal",1300,1.12,1.176,0.98,"rainforest:grassland:ice canyon:glacier:rock arche:plain","frigid:temperate:humid:superheated:rocky:artic"
669,"Ecliptara Upsilon",2237,3.14,0.743,1.62,"tundra:plain:lava river:lakes:grassland:river:plateau:urban:rock arche","rocky:tropical:arid:temperate:frigid:artic"
670,"Ecliptara Rho",2237,7.16,0.529,2.38,"forest:urban:lakes","subartic:tropical:windy:frozen"
671,"Axeheart XVII",349,2.15,1.208,NA,"reef:tundra:savanna:ice canyon:scrubland:cliff:jungle:canyons:field","hot:windy:subartic:arid:artificial temperate:tropical:temperate"
672,"Grimclaw Octal",7195,2.21,0.812,1.4,"rock arche:rocky desert:cliff","rocky:frozen"
673,"Grimclaw Duodecimal",7195,5.92,1.387,1.62,"tundra:plain:ice cave","frozen:windy:artic:subartic"
674,"Botein Nymphios",5832,1.27,1.281,1,"volcano:grassy hill:rainforest:river:savanna","windy:temperate:hot:humid:tropical"
675,"Dracozen Iota",8315,6.77,0.72,2.11,"cave:rocky canyon:plateau:river","arid:subartic:frozen"
676,"Alnasl Yi",2968,3.81,1.354,1.41,"plain:ice canyon:vine:bog:river","artic:humid:subartic"
677,"Nebuloria IV",8178,2.21,0.909,1.34,"tundra:urban:rocky desert","tropical:temperate:subartic:frigid:superheated:artic:rocky"
678,"Nebuloria XVI",8178,1.95,0.69,1.41,"glacier","frigid:windy:subartic:hot:humid:artic"
679,"Nebuloria XXIV",8178,6.88,0.702,2.14,"barren:lava river:reef","arid:artic:humid:frozen"
680,"Nebula Whisper Theta",7809,8.27,1.107,1.95,"glacier","artic:artificial temperate"
681,"Acrux Liu",7865,5.93,0.406,2.44,"savanna:rock arche:field:ice canyon:valley:jungle:rocky desert","rocky:artic:superheated:humid:temperate:frigid:tropical"
682,"Wyrmslayer Cerberian",6871,2.64,NA,1.5,"verdant:tundra","rocky:arid"
683,"Wyrmslayer Gaian",6871,2.29,0.98,1.33,"fungus forest","superheated:windy:artic:hot:frigid:humid"
684,"Astrophia VII",6279,1.49,0.641,1.32,"vine","rocky"
685,"Atria Wu",4415,2.48,1.272,1.25,"toxic cloudsea","frigid:frozen:humid:rocky"
686,"Atria San",4415,1.56,0.596,1.38,"acid pool:bog:savanna","temperate:rocky:subartic:frozen"
687,"Atria Liu",4415,1.78,NA,1.14,"field","rocky:humid"
688,"Ignitionix Secant",294,1.98,1.027,1.24,"bog:reef","temperate"
689,"Shizuku Seraph Liu",3436,2.85,0.822,1.51,"sinkholes","hot:frigid:windy:artificial temperate"
690,"Shizuku Seraph Er",3436,1.47,0.776,1.24,"plain:toxic cloudsea:cityscape:canyons","frozen:rocky:windy:artificial temperate"
691,"Shizuku Seraph Qi",3436,9.53,1.006,NA,"acid pool:mountain","hot:windy:rocky:artificial temperate:superheated"
692,"Seginus Duodecimal",9874,8.93,1.047,2.04,"rainforest:desert","hot:temperate:arid:frigid:humid:artificial temperate"
693,"Seginus Sextant",9874,2.87,0.986,1.43,"city","hot:humid:arid"
694,"Starlight Shroud Titanos",2411,0.79,0.965,0.94,"rocky canyon:hill:urban:jungle:rainforest:glacier:island","temperate:artificial temperate:subartic:tropical:frozen:windy"
695,"Kurai Veil San",4817,1.71,0.968,1.21,"lakes:grassy hill:rocky desert:fungus forest:city","tropical:humid:artic:subartic"
696,"Kurai Veil Ba",4817,3.5,1.117,1.46,"island:river:field:verdant:cave","subartic:windy:hot:artic"
697,"Muspelheim Qi",5263,0.71,0.61,NA,"cave","tropical:hot:arid"
698,"Muspelheim San",5263,2.2,0.618,1.53,"desert:bog","frigid:arid:superheated:subartic:temperate:windy"
699,"Muspelheim Yi",5263,9.05,1.049,2.05,"acid pool:lava river:mountain","frigid:artic:tropical:windy:superheated:rocky"
700,"Emiw Hadean",3595,8.81,NA,1.96,"canyons:acid pool","tropical:superheated:frozen"
701,"Mirzam Nereidos",8274,1.62,0.844,1.24,"city:glacier:lakes:island","humid:frozen:tropical:arid:artic:frigid:superheated"
702,"Mirzam Gaian",8274,1.16,1.182,0.99,"sea:cityscape:ocean:barren:jungle:volcano:lava river","superheated:frigid:arid:hot:rocky:frozen"
703,"Wazn Sigma",7134,1.55,1.077,1.13,"river:cave:canyons","frozen:tropical:temperate"
704,"Elysian Anomaly Ba",4856,8.8,1.141,1.98,"hill:savanna:vine:glacier:forest","frozen:artificial temperate:rocky:artic"
705,"Geminga Yi",7902,7.15,1.029,1.91,"river:cliff:rocky canyon:verdant","tropical:rocky:superheated:arid"
706,"Pleione Hadean",9572,7.61,1.278,1.81,"ice cave:grassy hill:cityscape:glacier:sea:rock arche:ice canyon:city","subartic:temperate:hot:arid:rocky:superheated"
707,"Amaterasu Mirage Centaurios",9961,1.99,1.212,1.18,"sinkholes:fungus forest:field:grassy hill:cave:jungle:tundra:urban","subartic:arid:superheated:hot:temperate"
708,"Pipirima Nyxios",2327,4.6,1.284,1.53,"fungus forest:canyons:rainforest","hot:superheated"
709,"Tureis Athenian",4865,1.66,1.059,1.16,"sinkholes","superheated:rocky:artificial temperate"
710,"Electra Duodecimal",7943,5.56,1.11,1.71,"island:fungus forest:valley","hot:rocky:humid"
711,"Electra Quartal",7943,2.79,1.008,1.4,"reef:ash","humid:subartic:superheated:artic"
712,"Electra Septimal",9574,0.58,1.189,0.79,"plateau:volcano","temperate:hot:tropical:arid"
713,"Akatsuki Celestial Nyxios",9330,2.28,1.075,1.28,"jungle:city:sinkholes:forest","artic:humid:windy:frozen:hot:subartic"
714,"Pulsar Seraph Gaios",1513,2.57,0.766,1.5,"cityscape","subartic:arid"
715,"Astrum Quasar Sigma",4758,4.64,0.987,1.68,"river:glacier","tropical:subartic:windy:frigid:humid:frozen:artic"
716,"Astrum Quasar Eta",4758,5.92,0.911,1.87,"jungle:island","hot"
717,"Astrum Quasar Lambda",4758,3.79,1.052,NA,"desert:tundra:volcano:island","hot:artic:artificial temperate:tropical"
718,"Marfik Selenean",6103,2.53,0.738,1.51,"rocky island:tundra:acid pool","superheated:windy:rocky"
719,"Marfik Janusian",6103,1.58,1.132,1.12,"glacier:bog:plateau:ice cave:canyons:lakes:jungle","artic:frigid:frozen:temperate:superheated"
720,"Solarionara Nonal",8146,1.47,0.596,1.35,"field:valley:ice cave:island:rocky desert:acid pool:canyons","windy:arid:temperate:superheated:artic:artificial temperate"
721,"Solarionara Decimal",8146,8.03,1.352,1.81,"plateau","windy:humid:frozen:subartic"
722,"Icewind Astraeos",9621,0.61,1.236,0.79,"lakes","subartic:temperate:frozen"
723,"Bastet's Horizon Astraeos",405,5.33,1.13,1.68,"lava river:volcano:jungle:desert:reef:toxic cloudsea:plateau:sea:vine","temperate:subartic:frozen:superheated:hot:tropical"
724,"Umbra Veil Persephonian",5449,0.55,0.887,0.85,"hill:jungle","temperate:frigid:rocky:humid"
725,"Aegis Obscura Secant",2366,6.78,1.243,1.76,"toxic cloudsea:island:field:grassy hill:reef","frozen:rocky:artificial temperate"
726,"Mjornir Kappa",9201,2.49,0.936,1.39,"hill:vine:glacier:rock arche","artic:hot:frozen:subartic"
727,"Fuyue Alpha",7763,2.69,0.632,1.62,"jungle:valley:lakes:rocky desert:canyons:ocean:volcano","frigid:arid:hot:tropical:superheated:temperate:windy"
728,"Skybreaker Iota",9630,0.88,0.45,1.25,"mountain","frozen:humid"
729,"Skybreaker Beta",9630,2.38,1.153,1.27,"grassland","hot:artic:humid"
730,"Skybreaker Phi",9630,5.91,1.003,1.81,"forest:verdant:urban:city:grassy hill:mountain","tropical:temperate:humid:arid:windy"
731,"Khambalia Kappa",571,4.69,1.044,1.65,"mountain","temperate"
732,"Khambalia Chi",571,1.98,1.187,1.19,"valley","frigid:tropical:hot"
733,"Khambalia Upsilon",571,2.44,0.901,1.39,"river:cityscape","hot:windy"
734,"Shinju Serenity Phi",5949,4.09,1.038,1.58,"swamp","rocky:tropical:temperate:arid:hot:windy:frozen"
735,"Shinju Serenity Iota",5949,0.9,0.677,1.1,"scrubland:island","windy:arid:artificial temperate:humid"
736,"Talitha Titanos",7814,1.45,1.102,1.1,"vine:ice cave:sea:verdant","temperate:windy:frozen:superheated"
737,"Talitha Demetrian",7814,3.1,0.757,NA,"tundra:river:scrubland:glacier:verdant:canyons:island","superheated:hot:artificial temperate:subartic:arid:artic"
738,"Comet Veil Lambda",2740,3.06,NA,1.5,"grassy hill:cave:tundra:ash","tropical:arid:hot:superheated:subartic:artic:humid"
739,"Comet Veil Nu",2740,3.13,1.489,1.28,"jungle:vine:grassy hill:island:ash:ice canyon:urban:verdant:canyons","temperate:arid:rocky:artic:artificial temperate:superheated"
740,"Nebula Nexus Epsilon",1074,6.7,1.335,1.71,"river:reef:volcano","arid:windy:hot"
741,"Miaplacidus Olympus",7680,7.58,1.517,1.71,"volcano","hot:artificial temperate"
742,"Miaplacidus Oranos",7680,2.44,1.094,1.31,"urban","subartic:superheated"
743,"Ravenfury Mu",5126,7.24,0.8,2.08,"valley:river:vine:hill","humid:temperate:rocky"
744,"Ravenfury Upsilon",5126,5.35,1.131,1.68,"rocky desert:cave:rocky canyon","frozen:artic:hot:subartic:temperate:superheated"
745,"Ravenfury Gamma",5126,2.2,1.379,1.17,"island:city:valley","subartic:superheated:temperate"
746,"Ayame Cascade Faunios",9670,4.91,1.307,1.55,"mountain:rainforest","frozen:arid:windy:humid:hot:frigid"
747,"Kalausi Janusian",1089,3.04,NA,1.44,"hill:island:forest:canyons:urban:ice cave","windy:frigid:humid:tropical:temperate:subartic"
748,"Kalausi Selenean",1089,1.5,0.249,1.82,"vine:cave:jungle:fungus forest:sea:island","windy:arid:superheated:tropical:humid"
749,"Isis' Celestial Nu",3172,1.15,0.551,1.28,"mountain:urban:reef:city:lakes:fungus forest","frozen:frigid:subartic:tropical"
750,"Nushagak Typhonian",3238,1.12,0.801,1.12,"jungle:volcano:sinkholes:sea:urban:island","superheated:humid:subartic:hot:artic:tropical"
751,"Ceibo VI",7223,0.88,0.537,1.18,"mountain:rock arche","rocky:windy:subartic:temperate:humid"
752,"Ceibo IV",7223,2.02,1.287,1.16,"desert:fungus forest:rocky desert:swamp","rocky:humid:temperate:tropical:frozen"
753,"Axefall Cerberian",4785,1.99,0.597,1.49,"river:urban:cityscape","humid:windy:hot"
754,"Násti XVII",7259,6.15,1.185,1.73,"river:acid pool:grassy hill","temperate:artificial temperate:superheated:subartic"
755,"Exoplanix Apollox",3019,2.4,1.264,1.24,"grassy hill:cave:plain:rock arche","windy:hot:rocky:subartic"
756,"Exoplanix Dionian",3019,1.45,1.371,1.02,"rock arche:toxic cloudsea","artic:windy:tropical:frozen"
757,"Astrobane Asclepian",2186,6.69,1.251,1.75,"city:desert","frigid:tropical:rocky"
758,"Darkonium Hecatean",7557,6.16,0.672,2.09,"plain:bog","windy:temperate"
759,"Propus Athenian",3440,0.59,1.077,0.82,"mountain:lakes:reef:rocky desert:canyons:urban:sea","frozen:temperate:subartic:rocky:artic:windy"
760,"Propus Zephyrian",3440,1.34,0.946,1.12,"cityscape:acid pool","temperate:rocky:superheated:artificial temperate:frozen"
761,"Kraz Athenian",5528,1.62,1.091,1.14,"urban:river:lakes:cityscape","superheated:hot:frigid:artic"
762,"Amaterasu Wu",4397,2.86,1.078,1.38,"jungle:city:urban:jungle:rainforest","artic:frigid:tropical"
763,"Ra's Whisper Wu",7330,6.37,0.534,2.28,"rock arche:river:savanna:sea:cityscape","superheated:temperate:frozen:artic"
764,"Rigil Kentaurus Octal",9137,1.82,0.851,1.29,"island:plateau:plain:verdant:reef","frigid:temperate:rocky"
765,"Rigil Kentaurus Duodecimal",9137,0.41,0.436,0.98,"mountain:bog","temperate:frozen"
766,"Cervantes Omicron",3676,7.58,0.585,2.35,"lakes:verdant:cliff:sea","frigid:arid:artic"
767,"Sika Poseidian",3932,2.2,1.328,1.18,"ocean:tundra:valley","arid:artic:frigid"
768,"Berehynia Tau",6669,2.28,0.463,1.7,"sea:valley:verdant:ocean","superheated:subartic:hot:windy"
769,"Chaophraya IV",3153,4.51,0.592,1.97,"urban:savanna","temperate:hot:frigid"
770,"Quasar Nova Pegasusian",903,6.33,0.815,1.98,"ice cave:lakes:jungle:ocean:river:toxic cloudsea:sea","subartic:superheated:frigid:hot:artic:arid"
771,"Astraflame III",3003,3.66,1.382,1.38,"fungus forest","rocky:frozen:humid:superheated"
772,"Astraflame II",3003,9.34,0.895,2.19,"fungus forest:lava river:glacier:swamp:forest:rocky desert:ocean:ash:vine","hot:tropical:frozen:superheated:frigid:rocky"
773,"Astraflame XXI",3003,1.46,0.815,1.21,"mountain:tundra:ice canyon:jungle:valley:ocean:desert:glacier","subartic:artic:hot:superheated:humid"
774,"Sualocin Alpha",7801,5.95,0.94,1.85,"cliff","windy:arid:artic"
775,"Mothallah Herculean",9358,1.86,0.762,1.35,"rainforest:volcano:cliff:city:canyons:jungle:lakes:ash","temperate:frozen:superheated:humid:rocky:artificial temperate"
776,"Ukiyo Reverie Prime",240,1.35,0.932,1.13,"cave:vine:acid pool","humid:frigid:artificial temperate:artic"
777,"Ukiyo Reverie Undecimal",240,4.07,1.036,1.58,"plain:fungus forest","tropical:artificial temperate:frigid:humid"
778,"Isis' Labyrinth XXIII",5739,1.55,0.64,1.34,"mountain:island:tundra:sea:cliff:fungus forest","hot:frozen:tropical:artic"
779,"Isis' Labyrinth VII",5739,4.72,1.298,1.54,"rocky island:vine:glacier:bog:valley:reef:rocky desert","frozen:subartic:temperate:artic:tropical"
780,"Cosmic Gaze Atlasios",8400,4.64,1.068,1.63,"cave:cityscape","frigid:rocky:artificial temperate"
781,"Aetherionis San",6247,7.88,1.125,1.91,"forest:city:glacier","artic:artificial temperate:humid:rocky:superheated:tropical"
782,"Aetherionis Er",6247,5.57,0.886,1.85,"rocky desert:canyons:savanna:hill:ash:sea","tropical:rocky:hot:humid"
783,"Bastet's Silence XXI",5551,0.5,0.795,0.86,"valley","tropical:hot:rocky:frozen"
784,"Stellarnox Er",3612,4.65,1.22,1.56,"grassland:fungus forest:bog","artic:frigid:humid:frozen:subartic"
785,"Stellarnox Shi",3612,7.87,1.369,1.79,"savanna:acid pool:verdant","superheated:hot:artificial temperate:humid:temperate"
786,"Stellarnox Qi",3612,6.02,0.764,1.99,"sea","frigid:rocky"
787,"Mjoltr Demetrian",5818,5.55,0.966,1.79,"savanna:jungle","tropical"
788,"Koit XXIV",8050,1.28,1.252,1.01,"urban:swamp:cityscape:barren:ice canyon","artic:subartic:artificial temperate:arid:tropical"
789,"Koit XVI",8050,5.52,0.661,2.03,"verdant:desert:savanna:ocean:volcano:valley","frozen:hot:subartic:windy:artic"
790,"Koit IX",8050,2.14,0.878,1.35,"cityscape","arid:windy:rocky"
791,"Nebulonara Omicron",8131,3.02,0.818,1.55,"cliff:savanna:ash:field","tropical:superheated:temperate:humid:artificial temperate"
792,"Thuban Iota",2006,4.43,0.606,1.94,"plain:scrubland:rocky canyon:rocky island:grassland","temperate:tropical:subartic:arid"
793,"Thuban Omega",2006,0.57,0.956,0.84,"fungus forest","frozen:tropical:artificial temperate:subartic:superheated:hot"
794,"Thuban Chi",2006,2.44,0.862,1.41,"grassy hill:reef:vine:ice canyon","rocky:frozen:hot:humid"
795,"Achird San",5918,0.45,1.014,0.76,"canyons:mountain:jungle","humid:artic:rocky"
796,"Secunda Hyadum I",2606,3.56,1.015,1.52,"mountain:bog","frozen:windy:temperate"
797,"Secunda Hyadum XIX",2606,5.83,1.193,1.7,"acid pool","hot:subartic:rocky:frozen:artic:arid"
798,"Mesarthim Upsilon",329,4.68,0.739,1.85,"vine:sinkholes:reef","arid:superheated:hot:subartic"
799,"Rana Hermian",7443,1.66,1.26,1.1,"grassland:sea:bog","temperate:frozen"
800,"Athebyne XVIII",6441,2.48,1.113,1.31,"savanna:plain:ice cave","frigid:arid:windy"
801,"Hannya Cosmos Morphean",9527,2.38,0.853,1.41,"ice cave:desert:verdant:mountain","humid:frigid:rocky:subartic"
802,"Hannya Cosmos Zephyrian",9527,1.02,1.105,0.97,"valley:ice cave:volcano","artificial temperate:frigid:artic:arid:windy:tropical:hot"
803,"Hannya Cosmos Hecatean",9527,8.17,1.039,1.99,"ocean:grassy hill:city:toxic cloudsea:lakes","frozen:humid:windy:temperate"
804,"Ukiyo's Resonance Sextant",9676,1.03,1.31,0.92,"ice canyon:cityscape:cave:volcano:lakes","artificial temperate:rocky:artic:arid"
805,"Ukiyo's Resonance Septimal",9676,1.21,1.244,0.99,"vine","superheated:artificial temperate:rocky:arid"
806,"Astrylis Hestian",189,3.02,0.848,NA,"jungle:lakes:plateau:scrubland:rainforest:tundra:ocean:island","artificial temperate:artic:frigid:arid:tropical"
807,"Orion's Gaze IX",704,5.46,0.493,2.23,"reef:rocky island:forest:island:rock arche","temperate:artificial temperate:tropical:windy"
808,"Rasalgethi Yi",8147,1.65,0.981,1.19,"jungle:rainforest:glacier:urban:plain","frozen:subartic:tropical:windy"
809,"Rasalgethi Liu",8147,1.69,NA,1.18,"tundra:barren:swamp:rainforest","windy:rocky:tropical:superheated:arid"
810,"Rasalgethi Si",8147,1.9,1.107,1.2,"cliff:ice canyon:rock arche:swamp:toxic cloudsea:barren","frozen:tropical:humid:arid:windy"
811,"Enso Nereidos",1174,2.92,0.787,1.55,"sea:rocky desert:jungle:volcano:tundra","temperate:rocky:humid:artificial temperate:hot"
812,"Naos Jiu",9305,2.33,NA,1.26,"vine:cityscape","frozen:artificial temperate:frigid:temperate"
813,"Naos Er",9305,3.18,1.45,1.3,"vine:swamp:ice canyon:island:canyons","rocky:tropical:hot:subartic"
814,"Ruchbah Sirenios",5121,0.99,1.601,0.85,"ocean:rock arche","temperate"
815,"Stellarastrum Psychean",2775,6.6,0.851,1.98,"canyons:desert:river","frozen:hot:windy"
816,"Stellarastrum Dionysios",2775,5.19,1.518,1.51,"verdant:field:rocky canyon:canyons:jungle:hill","hot:superheated:windy:arid:tropical:artic"
817,"Aldebaran Delta",4683,4.37,0.895,NA,"lava river:glacier:cliff","arid:frigid"
818,"Aldebaran Tau",4683,0.69,0.862,0.93,"grassy hill:reef:ice cave:verdant:rock arche:forest","humid:frigid:arid:temperate"
819,"Aldebaran Psi",4683,3.61,0.847,NA,"volcano:ice canyon","artificial temperate:humid:arid:artic:frozen"
820,"Atakoraka X",7305,1.35,0.964,1.12,"ice canyon:grassland:glacier:river:forest","hot:rocky:frozen:temperate"
821,"Atakoraka II",7305,6.54,1.05,1.84,"hill","artic:rocky:hot"
822,"Atakoraka XVIII",7305,2.84,0.838,1.5,"reef:forest:tundra:verdant:lakes:acid pool:city:cave","artificial temperate:rocky:tropical:frozen:temperate"
823,"Xamidimura Nonal",5400,6.28,NA,1.74,"rock arche","tropical:superheated:temperate:frigid:subartic"
824,"Xamidimura Septimal",5400,3.79,0.924,1.6,"acid pool:ocean:rocky island:city:ice cave","rocky:temperate:artic:arid:frigid:frozen"
825,"Oakenshield Sextant",5650,2.71,1.247,1.3,"ocean","temperate:artificial temperate"
826,"Guniibuu Pantheon",7695,4.37,1.276,1.51,"reef:bog","artificial temperate:hot:arid:frozen:superheated"
827,"Quasar Seraph Qi",251,2.3,0.644,1.53,"valley","humid:rocky:artic"
828,"Quasar Seraph Ba",251,5.08,1.043,1.69,"lakes:volcano:rock arche:plain:scrubland:city:glacier","subartic:hot:arid:frozen:rocky:tropical"
829,"Quasar Seraph Er",251,2.67,1.574,NA,"plateau","frigid"
830,"Alsciaukat Ba",1806,7.36,1.38,1.75,"ice cave","frozen"
831,"Alsciaukat Yi",1806,0.49,1.141,0.75,"ice canyon:bog:valley","frozen:humid:subartic"
832,"Alsciaukat Liu",1806,2.68,1.094,1.35,"verdant","frigid:artic:rocky:temperate:superheated:humid"
833,"Aquilan Anomaly Er",7414,9.33,0.884,2.19,"field","tropical:temperate:frozen:rocky:humid"
834,"Atik Mu",3192,1.8,1.148,1.16,"tundra","frigid"
835,"Atik Sigma",3192,0.67,1.136,NA,"verdant:rainforest:plateau:plain:sinkholes:valley","frigid:rocky:arid:hot:windy:superheated"
836,"Eltanin Qi",8889,6.78,1.306,1.73,"cliff:lava river:volcano","superheated:artic:subartic:tropical"
837,"Hadar Gaios",2423,4.84,0.807,1.82,"grassy hill:canyons:sea:rocky island","rocky:artificial temperate:windy:frigid"
838,"Cerulean Abyss Beta",4427,1.7,1.387,1.07,"volcano:cliff:verdant:rocky island:rocky canyon","subartic:arid:rocky:artificial temperate"
839,"Cerulean Abyss Theta",4427,1.88,1,1.23,"plain","superheated:subartic:frigid:artificial temperate:frozen:temperate"
840,"Cerulean Abyss Mu",4427,1.26,NA,NA,"plain:valley:toxic cloudsea","frozen:arid"
841,"Azmidi Kappa",3727,3.04,1.028,1.44,"rocky island:lakes:forest:rocky canyon","rocky:artic:superheated:arid:frozen"
842,"Azmidi Mu",3727,0.96,0.654,1.14,"jungle:savanna:valley:mountain:grassy hill:cliff","hot:frozen:temperate:artificial temperate"
843,"Phoenicia Centaurios",3592,1.24,0.854,1.13,"ice canyon:urban:plain","frigid:humid:subartic:frozen:rocky"
844,"Chertan Beta",9720,1.53,0.687,1.31,"hill","artificial temperate"
